/*********************************************************
 * Sql Data Creation Script
 * Source  (local)\TrumanMIS
 * Version 1.1.1
 *
 * Date    12/01/2012 13:35:32
 ********************************************************/


-- tbCashMode
insert into [tbCashMode] ([CashModeCode], [CashMode]) values (1, 'Expense')
insert into [tbCashMode] ([CashModeCode], [CashMode]) values (2, 'Income')
insert into [tbCashMode] ([CashModeCode], [CashMode]) values (3, 'Neutral')

-- tbSystemMonth
insert into [tbSystemMonth] ([MonthNumber], [MonthName]) values (1, 'JAN')
insert into [tbSystemMonth] ([MonthNumber], [MonthName]) values (2, 'FEB')
insert into [tbSystemMonth] ([MonthNumber], [MonthName]) values (3, 'MAR')
insert into [tbSystemMonth] ([MonthNumber], [MonthName]) values (4, 'APR')
insert into [tbSystemMonth] ([MonthNumber], [MonthName]) values (5, 'MAY')
insert into [tbSystemMonth] ([MonthNumber], [MonthName]) values (6, 'JUN')
insert into [tbSystemMonth] ([MonthNumber], [MonthName]) values (7, 'JUL')
insert into [tbSystemMonth] ([MonthNumber], [MonthName]) values (8, 'AUG')
insert into [tbSystemMonth] ([MonthNumber], [MonthName]) values (9, 'SEP')
insert into [tbSystemMonth] ([MonthNumber], [MonthName]) values (10, 'OCT')
insert into [tbSystemMonth] ([MonthNumber], [MonthName]) values (11, 'NOV')
insert into [tbSystemMonth] ([MonthNumber], [MonthName]) values (12, 'DEC')

-- tbSystemRecurrence
insert into [tbSystemRecurrence] ([RecurrenceCode], [Recurrence]) values (1, 'On Demand')
insert into [tbSystemRecurrence] ([RecurrenceCode], [Recurrence]) values (2, 'Monthly')
insert into [tbSystemRecurrence] ([RecurrenceCode], [Recurrence]) values (3, 'Quarterly')
insert into [tbSystemRecurrence] ([RecurrenceCode], [Recurrence]) values (4, 'Bi-annual')
insert into [tbSystemRecurrence] ([RecurrenceCode], [Recurrence]) values (5, 'Yearly')

-- tbActivityOpType
insert into [tbActivityOpType] ([OpTypeCode], [OpType]) values (1, 'Activity')
insert into [tbActivityOpType] ([OpTypeCode], [OpType]) values (2, 'Call-off')

-- tbCashCategoryType
insert into [tbCashCategoryType] ([CategoryTypeCode], [CategoryType]) values (1, 'Cash Code')
insert into [tbCashCategoryType] ([CategoryTypeCode], [CategoryType]) values (2, 'Total')
insert into [tbCashCategoryType] ([CategoryTypeCode], [CategoryType]) values (3, 'Expression')

-- tbCashEntryType
insert into [tbCashEntryType] ([CashEntryTypeCode], [CashEntryType]) values (1, 'Payment')
insert into [tbCashEntryType] ([CashEntryTypeCode], [CashEntryType]) values (2, 'Invoice')
insert into [tbCashEntryType] ([CashEntryTypeCode], [CashEntryType]) values (3, 'Order')
insert into [tbCashEntryType] ([CashEntryTypeCode], [CashEntryType]) values (4, 'Quote')
insert into [tbCashEntryType] ([CashEntryTypeCode], [CashEntryType]) values (5, 'Corporation Tax')
insert into [tbCashEntryType] ([CashEntryTypeCode], [CashEntryType]) values (6, 'Vat')
insert into [tbCashEntryType] ([CashEntryTypeCode], [CashEntryType]) values (7, 'Forecast')

-- tbCashTaxType
insert into [tbCashTaxType] ([TaxTypeCode], [TaxType], [MonthNumber], [RecurrenceCode]) values (1, 'Corporation Tax', 4, 5)
insert into [tbCashTaxType] ([TaxTypeCode], [TaxType], [MonthNumber], [RecurrenceCode]) values (2, 'Vat', 4, 3)
insert into [tbCashTaxType] ([TaxTypeCode], [TaxType], [MonthNumber], [RecurrenceCode]) values (3, 'N.I.', 1, 2)
insert into [tbCashTaxType] ([TaxTypeCode], [TaxType], [MonthNumber], [RecurrenceCode]) values (4, 'General', 1, 1)

-- tbSystemTaxCode
insert into [tbSystemTaxCode] ([TaxCode], [TaxRate], [TaxDescription], [TaxTypeCode]) values ('INTEREST', 0, 'Interest Tax', 4)
insert into [tbSystemTaxCode] ([TaxCode], [TaxRate], [TaxDescription], [TaxTypeCode]) values ('N/A', 0, 'Untaxed', 4)
insert into [tbSystemTaxCode] ([TaxCode], [TaxRate], [TaxDescription], [TaxTypeCode]) values ('NI1', 0, 'Directors National Insurance', 3)
insert into [tbSystemTaxCode] ([TaxCode], [TaxRate], [TaxDescription], [TaxTypeCode]) values ('NI2', 0.121, 'Employees National Insurance', 3)
insert into [tbSystemTaxCode] ([TaxCode], [TaxRate], [TaxDescription], [TaxTypeCode]) values ('T0', 0, 'Zero Rated VAT', 2)
insert into [tbSystemTaxCode] ([TaxCode], [TaxRate], [TaxDescription], [TaxTypeCode]) values ('T1', 0.175, 'Standard Rate VAT', 2)
insert into [tbSystemTaxCode] ([TaxCode], [TaxRate], [TaxDescription], [TaxTypeCode]) values ('T2', 0, 'Tax Exemption', 2)

-- tbCashType
insert into [tbCashType] ([CashTypeCode], [CashType]) values (1, 'TRADE')
insert into [tbCashType] ([CashTypeCode], [CashType]) values (2, 'EXTERNAL')
insert into [tbCashType] ([CashTypeCode], [CashType]) values (3, 'NOMINAL')
insert into [tbCashType] ([CashTypeCode], [CashType]) values (4, 'BANK')

-- tbCashCategory
insert into [tbCashCategory] ([CategoryCode], [Category], [CategoryTypeCode], [CashModeCode], [CashTypeCode], [DisplayOrder]) values ('6', 'Inland Revenue', 1, 1, 2, 4)

-- tbCashCode
insert into [tbCashCode] ([CashCode], [CashDescription], [CategoryCode], [TaxCode]) values ('900', 'Employers N.I.', '6', 'N/A')
insert into [tbCashCode] ([CashCode], [CashDescription], [CategoryCode], [TaxCode]) values ('901', 'Value Added Tax', '6', 'N/A')
insert into [tbCashCode] ([CashCode], [CashDescription], [CategoryCode], [TaxCode]) values ('902', 'Corporation Tax', '6', 'N/A')
insert into [tbCashCode] ([CashCode], [CashDescription], [CategoryCode], [TaxCode]) values ('903', 'General Taxes', '6', 'N/A')

update tbCashTaxType set CashCode ='900' where TaxTypeCode = 3
update tbCashTaxType set CashCode ='901' where TaxTypeCode = 2
update tbCashTaxType set CashCode ='902' where TaxTypeCode = 1
update tbCashTaxType set CashCode ='903' where TaxTypeCode = 4

-- tbInvoiceStatus
insert into [tbInvoiceStatus] ([InvoiceStatusCode], [InvoiceStatus]) values (2, 'Invoiced')
insert into [tbInvoiceStatus] ([InvoiceStatusCode], [InvoiceStatus]) values (3, 'Partially Paid')
insert into [tbInvoiceStatus] ([InvoiceStatusCode], [InvoiceStatus]) values (4, 'Paid')
insert into [tbInvoiceStatus] ([InvoiceStatusCode], [InvoiceStatus]) values (1, 'Pending')

-- tbInvoiceType
insert into [tbInvoiceType] ([InvoiceTypeCode], [InvoiceType], [CashModeCode], [NextNumber]) values (1, 'Sales Invoice', 2, 1124)
insert into [tbInvoiceType] ([InvoiceTypeCode], [InvoiceType], [CashModeCode], [NextNumber]) values (2, 'Credit Note', 1, 5004)
insert into [tbInvoiceType] ([InvoiceTypeCode], [InvoiceType], [CashModeCode], [NextNumber]) values (3, 'Purchase Invoice', 1, 3543)
insert into [tbInvoiceType] ([InvoiceTypeCode], [InvoiceType], [CashModeCode], [NextNumber]) values (4, 'Debit Note', 2, 4005)

-- tbOrgStatus
insert into [tbOrgStatus] ([OrganisationStatusCode], [OrganisationStatus]) values (1, 'Pending')
insert into [tbOrgStatus] ([OrganisationStatusCode], [OrganisationStatus]) values (2, 'Active')
insert into [tbOrgStatus] ([OrganisationStatusCode], [OrganisationStatus]) values (3, 'Hot')
insert into [tbOrgStatus] ([OrganisationStatusCode], [OrganisationStatus]) values (4, 'Dead')

-- tbOrgType
insert into [tbOrgType] ([OrganisationTypeCode], [CashModeCode], [OrganisationType]) values (1, 2, 'Prospect')
insert into [tbOrgType] ([OrganisationTypeCode], [CashModeCode], [OrganisationType]) values (2, 2, 'Customer')
insert into [tbOrgType] ([OrganisationTypeCode], [CashModeCode], [OrganisationType]) values (3, 1, 'Supplier')
insert into [tbOrgType] ([OrganisationTypeCode], [CashModeCode], [OrganisationType]) values (4, 1, 'Contractor')
insert into [tbOrgType] ([OrganisationTypeCode], [CashModeCode], [OrganisationType]) values (5, 2, 'Distributor')
insert into [tbOrgType] ([OrganisationTypeCode], [CashModeCode], [OrganisationType]) values (6, 1, 'Bank')
insert into [tbOrgType] ([OrganisationTypeCode], [CashModeCode], [OrganisationType]) values (7, 1, 'State')
insert into [tbOrgType] ([OrganisationTypeCode], [CashModeCode], [OrganisationType]) values (8, 2, 'Company')

-- tbProfileItemType
insert into [tbProfileItemType] ([ItemTypeCode], [ItemType]) values (1, 'Text')
insert into [tbProfileItemType] ([ItemTypeCode], [ItemType]) values (2, 'Integer')
insert into [tbProfileItemType] ([ItemTypeCode], [ItemType]) values (3, 'Long Integer')
insert into [tbProfileItemType] ([ItemTypeCode], [ItemType]) values (4, 'Single')
insert into [tbProfileItemType] ([ItemTypeCode], [ItemType]) values (5, 'Double')
insert into [tbProfileItemType] ([ItemTypeCode], [ItemType]) values (6, 'Currency')
insert into [tbProfileItemType] ([ItemTypeCode], [ItemType]) values (7, 'Boolean')
insert into [tbProfileItemType] ([ItemTypeCode], [ItemType]) values (8, 'DateTime')
insert into [tbProfileItemType] ([ItemTypeCode], [ItemType]) values (9, 'Memo')
insert into [tbProfileItemType] ([ItemTypeCode], [ItemType]) values (100, 'Label')
insert into [tbProfileItemType] ([ItemTypeCode], [ItemType]) values (103, 'Image')
insert into [tbProfileItemType] ([ItemTypeCode], [ItemType]) values (104, 'Command Button')
insert into [tbProfileItemType] ([ItemTypeCode], [ItemType]) values (105, 'Option Button')
insert into [tbProfileItemType] ([ItemTypeCode], [ItemType]) values (106, 'Check Box')
insert into [tbProfileItemType] ([ItemTypeCode], [ItemType]) values (107, 'Option Group')
insert into [tbProfileItemType] ([ItemTypeCode], [ItemType]) values (108, 'Bound Object Frame')
insert into [tbProfileItemType] ([ItemTypeCode], [ItemType]) values (109, 'Text Box')
insert into [tbProfileItemType] ([ItemTypeCode], [ItemType]) values (110, 'List Box')
insert into [tbProfileItemType] ([ItemTypeCode], [ItemType]) values (111, 'Combo Box')
insert into [tbProfileItemType] ([ItemTypeCode], [ItemType]) values (112, 'Sub Form')
insert into [tbProfileItemType] ([ItemTypeCode], [ItemType]) values (114, 'Object Frame')
insert into [tbProfileItemType] ([ItemTypeCode], [ItemType]) values (122, 'Toggle Button')
insert into [tbProfileItemType] ([ItemTypeCode], [ItemType]) values (123, 'Tab Control')
insert into [tbProfileItemType] ([ItemTypeCode], [ItemType]) values (124, 'Page')

-- tbProfileMenuOpenMode
insert into [tbProfileMenuOpenMode] ([OpenMode], [OpenModeDescription]) values (1, 'Normal')
insert into [tbProfileMenuOpenMode] ([OpenMode], [OpenModeDescription]) values (2, 'Datasheet')
insert into [tbProfileMenuOpenMode] ([OpenMode], [OpenModeDescription]) values (3, 'Default Printing')
insert into [tbProfileMenuOpenMode] ([OpenMode], [OpenModeDescription]) values (4, 'Direct Printing')
insert into [tbProfileMenuOpenMode] ([OpenMode], [OpenModeDescription]) values (5, 'Print Preview')
insert into [tbProfileMenuOpenMode] ([OpenMode], [OpenModeDescription]) values (6, 'Email RTF')
insert into [tbProfileMenuOpenMode] ([OpenMode], [OpenModeDescription]) values (7, 'Email HTML')
insert into [tbProfileMenuOpenMode] ([OpenMode], [OpenModeDescription]) values (8, 'Email Snapshot')
insert into [tbProfileMenuOpenMode] ([OpenMode], [OpenModeDescription]) values (9, 'Email PDF')

-- tbProfileMenuCommand
insert into [tbProfileMenuCommand] ([Command], [CommandText]) values (0, 'Folder')
insert into [tbProfileMenuCommand] ([Command], [CommandText]) values (1, 'Link')
insert into [tbProfileMenuCommand] ([Command], [CommandText]) values (2, 'Form In Read Mode')
insert into [tbProfileMenuCommand] ([Command], [CommandText]) values (3, 'Form In Add Mode')
insert into [tbProfileMenuCommand] ([Command], [CommandText]) values (4, 'Form In Edit Mode')
insert into [tbProfileMenuCommand] ([Command], [CommandText]) values (5, 'Report')

-- tbProfileObjectType
insert into [tbProfileObjectType] ([ObjectTypeCode], [ObjectType]) values (1, 'Schema')
insert into [tbProfileObjectType] ([ObjectTypeCode], [ObjectType]) values (2, 'Form')
insert into [tbProfileObjectType] ([ObjectTypeCode], [ObjectType]) values (3, 'Report')
insert into [tbProfileObjectType] ([ObjectTypeCode], [ObjectType]) values (4, 'Dialog')
insert into [tbProfileObjectType] ([ObjectTypeCode], [ObjectType]) values (5, 'Text')
insert into [tbProfileObjectType] ([ObjectTypeCode], [ObjectType]) values (6, 'Substitutes')

-- tbProfileMenu
SET IDENTITY_INSERT [tbProfileMenu] ON
insert into [tbProfileMenu] ([MenuId], [MenuName]) values (1, 'Administrator')
SET IDENTITY_INSERT [tbProfileMenu] OFF

-- tbProfileMenuEntry
SET IDENTITY_INSERT [tbProfileMenuEntry] ON
insert into [tbProfileMenuEntry] ([MenuId], [EntryId], [FolderId], [ItemId], [ItemText], [Command], [ProjectName], [Argument], [OpenMode]) values (1, 1, 1, 0, 'Administrator', 0, '', 'Root', 1)
insert into [tbProfileMenuEntry] ([MenuId], [EntryId], [FolderId], [ItemId], [ItemText], [Command], [ProjectName], [Argument], [OpenMode]) values (1, 2, 2, 0, 'Settings', 0, 'Trader', '', 1)
insert into [tbProfileMenuEntry] ([MenuId], [EntryId], [FolderId], [ItemId], [ItemText], [Command], [ProjectName], [Argument], [OpenMode]) values (1, 3, 1, 1, 'Settings', 1, '', '2', 1)
insert into [tbProfileMenuEntry] ([MenuId], [EntryId], [FolderId], [ItemId], [ItemText], [Command], [ProjectName], [Argument], [OpenMode]) values (1, 4, 2, 1, 'Administration', 4, 'Trader', 'Admin', 1)
insert into [tbProfileMenuEntry] ([MenuId], [EntryId], [FolderId], [ItemId], [ItemText], [Command], [ProjectName], [Argument], [OpenMode]) values (1, 5, 2, 2, 'Sql Connect', 4, 'Trader', 'sysConnect', 1)
insert into [tbProfileMenuEntry] ([MenuId], [EntryId], [FolderId], [ItemId], [ItemText], [Command], [ProjectName], [Argument], [OpenMode]) values (1, 16, 2, 3, 'Data Definitions', 4, 'Trader', 'AdminDefinition', 1)
insert into [tbProfileMenuEntry] ([MenuId], [EntryId], [FolderId], [ItemId], [ItemText], [Command], [ProjectName], [Argument], [OpenMode]) values (1, 17, 3, 0, 'Nominal Accounts', 0, 'Trader', '', 1)
insert into [tbProfileMenuEntry] ([MenuId], [EntryId], [FolderId], [ItemId], [ItemText], [Command], [ProjectName], [Argument], [OpenMode]) values (1, 18, 1, 2, 'Nominal Accounts', 1, '', '3', 1)
insert into [tbProfileMenuEntry] ([MenuId], [EntryId], [FolderId], [ItemId], [ItemText], [Command], [ProjectName], [Argument], [OpenMode]) values (1, 19, 3, 1, 'Nominal Forecast', 4, 'Trader', 'NominalForecast', 1)
insert into [tbProfileMenuEntry] ([MenuId], [EntryId], [FolderId], [ItemId], [ItemText], [Command], [ProjectName], [Argument], [OpenMode]) values (1, 22, 3, 4, 'Nominal Entry', 4, 'Trader', 'NominalEntry', 1)
insert into [tbProfileMenuEntry] ([MenuId], [EntryId], [FolderId], [ItemId], [ItemText], [Command], [ProjectName], [Argument], [OpenMode]) values (1, 23, 4, 0, 'Maintenance', 0, 'Trader', '', 1)
insert into [tbProfileMenuEntry] ([MenuId], [EntryId], [FolderId], [ItemId], [ItemText], [Command], [ProjectName], [Argument], [OpenMode]) values (1, 24, 1, 3, 'Maintenance', 1, '', '4', 1)
insert into [tbProfileMenuEntry] ([MenuId], [EntryId], [FolderId], [ItemId], [ItemText], [Command], [ProjectName], [Argument], [OpenMode]) values (1, 25, 4, 1, 'Organisations', 4, 'Trader', 'OrgMaintenance', 1)
insert into [tbProfileMenuEntry] ([MenuId], [EntryId], [FolderId], [ItemId], [ItemText], [Command], [ProjectName], [Argument], [OpenMode]) values (1, 29, 4, 2, 'Activities and Templates', 4, 'Trader', 'ActivityEdit', 1)
insert into [tbProfileMenuEntry] ([MenuId], [EntryId], [FolderId], [ItemId], [ItemText], [Command], [ProjectName], [Argument], [OpenMode]) values (1, 30, 5, 0, 'Work Flow', 0, 'Trader', '', 1)
insert into [tbProfileMenuEntry] ([MenuId], [EntryId], [FolderId], [ItemId], [ItemText], [Command], [ProjectName], [Argument], [OpenMode]) values (1, 31, 1, 4, 'Work Flow', 1, '', '5', 1)
insert into [tbProfileMenuEntry] ([MenuId], [EntryId], [FolderId], [ItemId], [ItemText], [Command], [ProjectName], [Argument], [OpenMode]) values (1, 32, 5, 1, 'Task Explorer', 4, 'Trader', 'TaskExplorer', 1)
insert into [tbProfileMenuEntry] ([MenuId], [EntryId], [FolderId], [ItemId], [ItemText], [Command], [ProjectName], [Argument], [OpenMode]) values (1, 33, 5, 2, 'Document Manager', 4, 'Trader', 'DocManager', 1)
insert into [tbProfileMenuEntry] ([MenuId], [EntryId], [FolderId], [ItemId], [ItemText], [Command], [ProjectName], [Argument], [OpenMode]) values (1, 34, 5, 3, 'Raise Invoices', 4, 'Trader', 'Invoicing', 1)
insert into [tbProfileMenuEntry] ([MenuId], [EntryId], [FolderId], [ItemId], [ItemText], [Command], [ProjectName], [Argument], [OpenMode]) values (1, 35, 6, 0, 'Information', 0, 'Trader', '', 1)
insert into [tbProfileMenuEntry] ([MenuId], [EntryId], [FolderId], [ItemId], [ItemText], [Command], [ProjectName], [Argument], [OpenMode]) values (1, 36, 1, 5, 'Information', 1, '', '6', 1)
insert into [tbProfileMenuEntry] ([MenuId], [EntryId], [FolderId], [ItemId], [ItemText], [Command], [ProjectName], [Argument], [OpenMode]) values (1, 37, 6, 1, 'Organisation Enquiry', 2, 'Trader', 'OrgEnquiry', 1)
insert into [tbProfileMenuEntry] ([MenuId], [EntryId], [FolderId], [ItemId], [ItemText], [Command], [ProjectName], [Argument], [OpenMode]) values (1, 38, 6, 2, 'Invoice Register', 4, 'Trader', 'InvoiceRegister', 1)
insert into [tbProfileMenuEntry] ([MenuId], [EntryId], [FolderId], [ItemId], [ItemText], [Command], [ProjectName], [Argument], [OpenMode]) values (1, 39, 5, 4, 'Payment Entry', 4, 'Trader', 'PaymentEntry', 1)
insert into [tbProfileMenuEntry] ([MenuId], [EntryId], [FolderId], [ItemId], [ItemText], [Command], [ProjectName], [Argument], [OpenMode]) values (1, 40, 6, 3, 'Cash Statements', 4, 'Trader', 'PaymentAccount', 1)
insert into [tbProfileMenuEntry] ([MenuId], [EntryId], [FolderId], [ItemId], [ItemText], [Command], [ProjectName], [Argument], [OpenMode]) values (1, 41, 6, 4, 'Data Warehouse', 4, 'Trader', 'Warehouse', 1)
insert into [tbProfileMenuEntry] ([MenuId], [EntryId], [FolderId], [ItemId], [ItemText], [Command], [ProjectName], [Argument], [OpenMode]) values (1, 42, 4, 3, 'Organisation Datasheet', 4, 'Trader', 'OrgEdit', 2)
insert into [tbProfileMenuEntry] ([MenuId], [EntryId], [FolderId], [ItemId], [ItemText], [Command], [ProjectName], [Argument], [OpenMode]) values (1, 43, 6, 5, 'Company Statement', 4, 'Trader', 'CompanyStatement', 1)
insert into [tbProfileMenuEntry] ([MenuId], [EntryId], [FolderId], [ItemId], [ItemText], [Command], [ProjectName], [Argument], [OpenMode]) values (1, 44, 6, 6, 'Job Profit Status by Month', 4, 'Trader', 'TaskProfitStatus', 1)
insert into [tbProfileMenuEntry] ([MenuId], [EntryId], [FolderId], [ItemId], [ItemText], [Command], [ProjectName], [Argument], [OpenMode]) values (1, 45, 5, 5, 'Expenses Entry', 3, 'Trader', 'TaskEntry', 1)
insert into [tbProfileMenuEntry] ([MenuId], [EntryId], [FolderId], [ItemId], [ItemText], [Command], [ProjectName], [Argument], [OpenMode]) values (1, 46, 5, 6, 'Expenses Payment', 3, 'Trader', 'TaskExpenses', 1)
SET IDENTITY_INSERT [tbProfileMenuEntry] OFF

-- tbProfileText
insert into [tbProfileText] ([TextId], [Message], [Arguments]) values (1003, 'Enter new menu name', 0)
insert into [tbProfileText] ([TextId], [Message], [Arguments]) values (1004, 'Team Menu', 0)
insert into [tbProfileText] ([TextId], [Message], [Arguments]) values (1005, 'Ok to delete <1>', 1)
insert into [tbProfileText] ([TextId], [Message], [Arguments]) values (1006, 'Documents cannot be converted into folders.
Either delete the document or create a new folder elsewhere on the menu.
Press esc key to undo changes.', 0)
insert into [tbProfileText] ([TextId], [Message], [Arguments]) values (1007, '<Menu Item Text>', 0)
insert into [tbProfileText] ([TextId], [Message], [Arguments]) values (1008, 'Documents cannot have other menu items added to them.
Please select a folder then try again.', 0)
insert into [tbProfileText] ([TextId], [Message], [Arguments]) values (1009, 'The root cannot be deleted.
Please modify the text or remove the menu itself.', 0)
insert into [tbProfileText] ([TextId], [Message], [Arguments]) values (1189, 'Error <1>', 1)
insert into [tbProfileText] ([TextId], [Message], [Arguments]) values (1190, '<1>
Source: <2>  (err <3>)
<4>', 4)
insert into [tbProfileText] ([TextId], [Message], [Arguments]) values (1192, 'Server error listing:', 0)
insert into [tbProfileText] ([TextId], [Message], [Arguments]) values (1193, 'days', 0)
insert into [tbProfileText] ([TextId], [Message], [Arguments]) values (1194, 'Ok to delete the selected task and all tasks upon which it depends?', 0)
insert into [tbProfileText] ([TextId], [Message], [Arguments]) values (1207, 'Application Quit
You are about to exit the system.
Press Yes to continue with this operation.', 0)
insert into [tbProfileText] ([TextId], [Message], [Arguments]) values (1208, 'A/No:   <3>
Ref.:   <2>
Title:  <4>
Status: <6>

Hello <1>

<5>

<7>', 7)
insert into [tbProfileText] ([TextId], [Message], [Arguments]) values (1209, 'Best Regards,

<1>
<2>

T: <3>
M: <4>
W: <5>', 5)
insert into [tbProfileText] ([TextId], [Message], [Arguments]) values (1210, 'Okay to cancel invoice <1>?', 1)
insert into [tbProfileText] ([TextId], [Message], [Arguments]) values (1211, 'Invoice <1> cannot be cancelled because there are payments assigned to it.  Use the debit/credit facility if this account is not properly reconciled.', 1)
insert into [tbProfileText] ([TextId], [Message], [Arguments]) values (1212, 'Invoices are outstanding against account <1>
By specifying a cash code, invoices will not be matched.
Cash codes should only be entered for miscellaneous charges.', 1)
insert into [tbProfileText] ([TextId], [Message], [Arguments]) values (1213, 'Account <1> has no invoices outstanding for this payment and therefore cannot be posted.
Please specify a cash code so that one can be automatically generated.', 1)
insert into [tbProfileText] ([TextId], [Message], [Arguments]) values (1214, 'Invoiced', 0)
insert into [tbProfileText] ([TextId], [Message], [Arguments]) values (1215, 'Ordered', 0)
insert into [tbProfileText] ([TextId], [Message], [Arguments]) values (1216, 'Ok to move forward overdue payments?', 0)
insert into [tbProfileText] ([TextId], [Message], [Arguments]) values (1217, 'Order charge differs from the invoice. Reconcile <1>?', 1)
insert into [tbProfileText] ([TextId], [Message], [Arguments]) values (1218, 'Raise invoice and pay expenses now?', 0)
insert into [tbProfileText] ([TextId], [Message], [Arguments]) values (1219, 'Reserve Account', 0)
insert into [tbProfileText] ([TextId], [Message], [Arguments]) values (2002, 'Only administrators have access to the system configuration features of this application.', 0)
insert into [tbProfileText] ([TextId], [Message], [Arguments]) values (2003, 'You are not a registered user of this system.
Please contact the Administrator if you believe you should have access.', 0)
insert into [tbProfileText] ([TextId], [Message], [Arguments]) values (2004, 'The primary key you have entered contains invalid characters.
Digits and letters should be used for these keys.
Please amend accordingly or press Esc to cancel.', 0)
insert into [tbProfileText] ([TextId], [Message], [Arguments]) values (2017, 'There is a problem with this installation.
Components have not been properly registered.
Please re-install the application and contact technical support.

<1>', 1)
insert into [tbProfileText] ([TextId], [Message], [Arguments]) values (2018, 'The licence for this company is not valid.
Please contact your supplier to obtain a new licence key.', 0)
insert into [tbProfileText] ([TextId], [Message], [Arguments]) values (2019, 'Trial Version. Days Left: <1>', 1)
insert into [tbProfileText] ([TextId], [Message], [Arguments]) values (2020, 'Licence Type: Full. Registered on <1>', 1)
insert into [tbProfileText] ([TextId], [Message], [Arguments]) values (2021, 'Thank you for using the trial version. Please note: <1> day(s) left until you will need to obtain a full licence from your supplier.', 1)
insert into [tbProfileText] ([TextId], [Message], [Arguments]) values (2136, 'You have attempted to execute an Application.Run command with an invalid string.
The run string is <1>
The error is <2>', 2)
insert into [tbProfileText] ([TextId], [Message], [Arguments]) values (2188, '<1>', 1)
insert into [tbProfileText] ([TextId], [Message], [Arguments]) values (2206, 'Reminder: You are due for a period end close down.  Please follow the relevant procedures to complete this task. Once all financial data has been consolidated, use the Administrator to move onto the next period.', 0)
insert into [tbProfileText] ([TextId], [Message], [Arguments]) values (2312, 'The system is not setup correctly.
Make sure you have completed the initialisation procedures then try again.', 0)
insert into [tbProfileText] ([TextId], [Message], [Arguments]) values (3002, 'Periods not generated successfully.
Contact support.', 0)
insert into [tbProfileText] ([TextId], [Message], [Arguments]) values (3003, 'Okay to close down the active period?
Before proceeding make sure that you have entered and checked your cash details.
All invoices and cash transactions will be transferred into the Cash Flow analysis module.', 0)
insert into [tbProfileText] ([TextId], [Message], [Arguments]) values (3004, 'Margin', 0)
insert into [tbProfileText] ([TextId], [Message], [Arguments]) values (3005, 'Opening Balance', 0)
insert into [tbProfileText] ([TextId], [Message], [Arguments]) values (3006, 'Rebuilding Accounts...', 0)
insert into [tbProfileText] ([TextId], [Message], [Arguments]) values (3007, 'Ok to rebuild cash accounts?
Make sure no transactions are being processed, as this will re-set and update all your invoices.', 0)
insert into [tbProfileText] ([TextId], [Message], [Arguments]) values (3008, 'Ok to rebuild cash flow history?
This would normally be required when payments or invoices have been retrospectively revised, or opening balances altered.', 0)
insert into [tbProfileText] ([TextId], [Message], [Arguments]) values (3009, 'Charged', 0)
insert into [tbProfileText] ([TextId], [Message], [Arguments]) values (3010, 'Service', 0)
insert into [tbProfileText] ([TextId], [Message], [Arguments]) values (3011, 'Ok to rebuild cash flow history for account <1>?
This would normally be required when payments or invoices have been retrospectively revised, or opening balances altered.', 1)
insert into [tbProfileText] ([TextId], [Message], [Arguments]) values (3012, 'Ok to raise an invoice for this task?
Use the Invoicing program to create specific invoice types with multiple tasks and additional charges.', 0)
insert into [tbProfileText] ([TextId], [Message], [Arguments]) values (3013, 'Current Balance', 0)
insert into [tbProfileText] ([TextId], [Message], [Arguments]) values (3014, 'This entry cannot be rescheduled', 0)

-- tbProfileObject
insert into [tbProfileObject] ([ObjectTypeCode], [ObjectName], [ProjectName], [Caption], [SubObject]) values (1, 'System Fields', 'Trader', '', 0)

-- tbProfileObjectDetail
insert into [tbProfileObjectDetail] ([ObjectTypeCode], [ObjectName], [ItemName], [ItemTypeCode], [Caption], [StatusBarText], [ControlTipText], [CharLength], [Visible], [FormatString]) values (1, 'System Fields', 'AccountClosed', 7, 'Closed?', '', '', 0, 1, 'Currency')
insert into [tbProfileObjectDetail] ([ObjectTypeCode], [ObjectName], [ItemName], [ItemTypeCode], [Caption], [StatusBarText], [ControlTipText], [CharLength], [Visible], [FormatString]) values (1, 'System Fields', 'AccountCode', 1, 'Ac/Cd', '', '', 10, 1, '')
insert into [tbProfileObjectDetail] ([ObjectTypeCode], [ObjectName], [ItemName], [ItemTypeCode], [Caption], [StatusBarText], [ControlTipText], [CharLength], [Visible], [FormatString]) values (1, 'System Fields', 'AccountName', 1, 'Account Name', '', '', 255, 1, '')
insert into [tbProfileObjectDetail] ([ObjectTypeCode], [ObjectName], [ItemName], [ItemTypeCode], [Caption], [StatusBarText], [ControlTipText], [CharLength], [Visible], [FormatString]) values (1, 'System Fields', 'AccountNumber', 1, 'Ac/No', '', '', 20, 1, '')
insert into [tbProfileObjectDetail] ([ObjectTypeCode], [ObjectName], [ItemName], [ItemTypeCode], [Caption], [StatusBarText], [ControlTipText], [CharLength], [Visible], [FormatString]) values (1, 'System Fields', 'AccountSource', 1, 'Source', '', '', 100, 1, '')
insert into [tbProfileObjectDetail] ([ObjectTypeCode], [ObjectName], [ItemName], [ItemTypeCode], [Caption], [StatusBarText], [ControlTipText], [CharLength], [Visible], [FormatString]) values (1, 'System Fields', 'ActionById', 2, 'Action By Id', '', '', 0, 1, '0')
insert into [tbProfileObjectDetail] ([ObjectTypeCode], [ObjectName], [ItemName], [ItemTypeCode], [Caption], [StatusBarText], [ControlTipText], [CharLength], [Visible], [FormatString]) values (1, 'System Fields', 'ActionedOn', 8, 'Actioned On', '', '', 0, 1, 'Medium Date')
insert into [tbProfileObjectDetail] ([ObjectTypeCode], [ObjectName], [ItemName], [ItemTypeCode], [Caption], [StatusBarText], [ControlTipText], [CharLength], [Visible], [FormatString]) values (1, 'System Fields', 'ActionName', 1, 'Action', '', '', 50, 1, '')
insert into [tbProfileObjectDetail] ([ObjectTypeCode], [ObjectName], [ItemName], [ItemTypeCode], [Caption], [StatusBarText], [ControlTipText], [CharLength], [Visible], [FormatString]) values (1, 'System Fields', 'ActionOn', 8, 'Action On', '', '', 0, 1, 'Medium Date')
insert into [tbProfileObjectDetail] ([ObjectTypeCode], [ObjectName], [ItemName], [ItemTypeCode], [Caption], [StatusBarText], [ControlTipText], [CharLength], [Visible], [FormatString]) values (1, 'System Fields', 'ActivityCode', 1, 'Activity Code', '', '', 50, 1, '')
insert into [tbProfileObjectDetail] ([ObjectTypeCode], [ObjectName], [ItemName], [ItemTypeCode], [Caption], [StatusBarText], [ControlTipText], [CharLength], [Visible], [FormatString]) values (1, 'System Fields', 'Address', 9, 'Address', '', '', 1073741823, 1, '')
insert into [tbProfileObjectDetail] ([ObjectTypeCode], [ObjectName], [ItemName], [ItemTypeCode], [Caption], [StatusBarText], [ControlTipText], [CharLength], [Visible], [FormatString]) values (1, 'System Fields', 'AddressCode', 1, 'Address Code', '', '', 15, 1, '')
insert into [tbProfileObjectDetail] ([ObjectTypeCode], [ObjectName], [ItemName], [ItemTypeCode], [Caption], [StatusBarText], [ControlTipText], [CharLength], [Visible], [FormatString]) values (1, 'System Fields', 'AddressCodeFrom', 1, 'Address From', '', '', 15, 1, '')
insert into [tbProfileObjectDetail] ([ObjectTypeCode], [ObjectName], [ItemName], [ItemTypeCode], [Caption], [StatusBarText], [ControlTipText], [CharLength], [Visible], [FormatString]) values (1, 'System Fields', 'AddressCodeTo', 1, 'Address To', '', '', 15, 1, '')
insert into [tbProfileObjectDetail] ([ObjectTypeCode], [ObjectName], [ItemName], [ItemTypeCode], [Caption], [StatusBarText], [ControlTipText], [CharLength], [Visible], [FormatString]) values (1, 'System Fields', 'Administrator', 7, 'Administrator?', '', '', 0, 1, 'Yes/No')
insert into [tbProfileObjectDetail] ([ObjectTypeCode], [ObjectName], [ItemName], [ItemTypeCode], [Caption], [StatusBarText], [ControlTipText], [CharLength], [Visible], [FormatString]) values (1, 'System Fields', 'AllowForecasts', 7, 'Forecasts?', '', '', 0, 1, 'Yes/No')
insert into [tbProfileObjectDetail] ([ObjectTypeCode], [ObjectName], [ItemName], [ItemTypeCode], [Caption], [StatusBarText], [ControlTipText], [CharLength], [Visible], [FormatString]) values (1, 'System Fields', 'AreaCode', 1, 'Area Code', '', '', 50, 1, '')
insert into [tbProfileObjectDetail] ([ObjectTypeCode], [ObjectName], [ItemName], [ItemTypeCode], [Caption], [StatusBarText], [ControlTipText], [CharLength], [Visible], [FormatString]) values (1, 'System Fields', 'Argument', 1, 'Argument', '', '', 50, 1, '')
insert into [tbProfileObjectDetail] ([ObjectTypeCode], [ObjectName], [ItemName], [ItemTypeCode], [Caption], [StatusBarText], [ControlTipText], [CharLength], [Visible], [FormatString]) values (1, 'System Fields', 'Arguments', 2, 'Arguments', '', '', 0, 1, '0')
insert into [tbProfileObjectDetail] ([ObjectTypeCode], [ObjectName], [ItemName], [ItemTypeCode], [Caption], [StatusBarText], [ControlTipText], [CharLength], [Visible], [FormatString]) values (1, 'System Fields', 'Attribute', 1, 'Attribute', '', '', 50, 1, '')
insert into [tbProfileObjectDetail] ([ObjectTypeCode], [ObjectName], [ItemName], [ItemTypeCode], [Caption], [StatusBarText], [ControlTipText], [CharLength], [Visible], [FormatString]) values (1, 'System Fields', 'AttributeDescription', 1, 'Description', '', '', 255, 1, '')
insert into [tbProfileObjectDetail] ([ObjectTypeCode], [ObjectName], [ItemName], [ItemTypeCode], [Caption], [StatusBarText], [ControlTipText], [CharLength], [Visible], [FormatString]) values (1, 'System Fields', 'AttributeType', 1, 'Type', '', '', 20, 1, '')
insert into [tbProfileObjectDetail] ([ObjectTypeCode], [ObjectName], [ItemName], [ItemTypeCode], [Caption], [StatusBarText], [ControlTipText], [CharLength], [Visible], [FormatString]) values (1, 'System Fields', 'AttributeTypeCode', 2, 'Type Code', '', '', 0, 1, '0')
insert into [tbProfileObjectDetail] ([ObjectTypeCode], [ObjectName], [ItemName], [ItemTypeCode], [Caption], [StatusBarText], [ControlTipText], [CharLength], [Visible], [FormatString]) values (1, 'System Fields', 'Avatar', 9, 'Avatar', '', '', 2147483647, 1, '')
insert into [tbProfileObjectDetail] ([ObjectTypeCode], [ObjectName], [ItemName], [ItemTypeCode], [Caption], [StatusBarText], [ControlTipText], [CharLength], [Visible], [FormatString]) values (1, 'System Fields', 'Balance', 6, 'Balance', '', '', 0, 1, 'Currency')
insert into [tbProfileObjectDetail] ([ObjectTypeCode], [ObjectName], [ItemName], [ItemTypeCode], [Caption], [StatusBarText], [ControlTipText], [CharLength], [Visible], [FormatString]) values (1, 'System Fields', 'BucketDescription', 1, 'Description', '', '', 50, 1, '')
insert into [tbProfileObjectDetail] ([ObjectTypeCode], [ObjectName], [ItemName], [ItemTypeCode], [Caption], [StatusBarText], [ControlTipText], [CharLength], [Visible], [FormatString]) values (1, 'System Fields', 'BucketId', 1, 'Id', '', '', 10, 1, '')
insert into [tbProfileObjectDetail] ([ObjectTypeCode], [ObjectName], [ItemName], [ItemTypeCode], [Caption], [StatusBarText], [ControlTipText], [CharLength], [Visible], [FormatString]) values (1, 'System Fields', 'BucketInterval', 1, 'Interval', '', '', 15, 1, '')
insert into [tbProfileObjectDetail] ([ObjectTypeCode], [ObjectName], [ItemName], [ItemTypeCode], [Caption], [StatusBarText], [ControlTipText], [CharLength], [Visible], [FormatString]) values (1, 'System Fields', 'BucketIntervalCode', 2, 'Interval/Cd', '', '', 0, 1, '0')
insert into [tbProfileObjectDetail] ([ObjectTypeCode], [ObjectName], [ItemName], [ItemTypeCode], [Caption], [StatusBarText], [ControlTipText], [CharLength], [Visible], [FormatString]) values (1, 'System Fields', 'BucketType', 1, 'Type', '', '', 25, 1, '')
insert into [tbProfileObjectDetail] ([ObjectTypeCode], [ObjectName], [ItemName], [ItemTypeCode], [Caption], [StatusBarText], [ControlTipText], [CharLength], [Visible], [FormatString]) values (1, 'System Fields', 'BucketTypeCode', 2, 'Type/Cd', '', '', 0, 1, '0')
insert into [tbProfileObjectDetail] ([ObjectTypeCode], [ObjectName], [ItemName], [ItemTypeCode], [Caption], [StatusBarText], [ControlTipText], [CharLength], [Visible], [FormatString]) values (1, 'System Fields', 'BusinessDescription', 9, 'Business', '', '', 1073741823, 1, '')
insert into [tbProfileObjectDetail] ([ObjectTypeCode], [ObjectName], [ItemName], [ItemTypeCode], [Caption], [StatusBarText], [ControlTipText], [CharLength], [Visible], [FormatString]) values (1, 'System Fields', 'CalendarCode', 1, 'Cal/Cd', '', '', 10, 1, '')
insert into [tbProfileObjectDetail] ([ObjectTypeCode], [ObjectName], [ItemName], [ItemTypeCode], [Caption], [StatusBarText], [ControlTipText], [CharLength], [Visible], [FormatString]) values (1, 'System Fields', 'Caption', 9, 'Caption', '', '', 1073741823, 1, '')
insert into [tbProfileObjectDetail] ([ObjectTypeCode], [ObjectName], [ItemName], [ItemTypeCode], [Caption], [StatusBarText], [ControlTipText], [CharLength], [Visible], [FormatString]) values (1, 'System Fields', 'Cash', 6, 'Cash', '', '', 0, 1, 'Currency')
insert into [tbProfileObjectDetail] ([ObjectTypeCode], [ObjectName], [ItemName], [ItemTypeCode], [Caption], [StatusBarText], [ControlTipText], [CharLength], [Visible], [FormatString]) values (1, 'System Fields', 'CashAccountCode', 1, 'Cash Ac/Cd', '', '', 10, 1, '')
insert into [tbProfileObjectDetail] ([ObjectTypeCode], [ObjectName], [ItemName], [ItemTypeCode], [Caption], [StatusBarText], [ControlTipText], [CharLength], [Visible], [FormatString]) values (1, 'System Fields', 'CashAccountName', 1, 'Cash Ac/Name', '', '', 50, 1, '')
insert into [tbProfileObjectDetail] ([ObjectTypeCode], [ObjectName], [ItemName], [ItemTypeCode], [Caption], [StatusBarText], [ControlTipText], [CharLength], [Visible], [FormatString]) values (1, 'System Fields', 'CashCode', 1, 'Cash Code', '', '', 50, 1, '')
insert into [tbProfileObjectDetail] ([ObjectTypeCode], [ObjectName], [ItemName], [ItemTypeCode], [Caption], [StatusBarText], [ControlTipText], [CharLength], [Visible], [FormatString]) values (1, 'System Fields', 'CashDescription', 1, 'Cash Description', '', '', 100, 1, '')
insert into [tbProfileObjectDetail] ([ObjectTypeCode], [ObjectName], [ItemName], [ItemTypeCode], [Caption], [StatusBarText], [ControlTipText], [CharLength], [Visible], [FormatString]) values (1, 'System Fields', 'CashMode', 1, 'Polarity', '', '', 10, 1, '')
insert into [tbProfileObjectDetail] ([ObjectTypeCode], [ObjectName], [ItemName], [ItemTypeCode], [Caption], [StatusBarText], [ControlTipText], [CharLength], [Visible], [FormatString]) values (1, 'System Fields', 'CashModeCode', 2, 'Polarity/Cd', '', '', 0, 1, '0')
insert into [tbProfileObjectDetail] ([ObjectTypeCode], [ObjectName], [ItemName], [ItemTypeCode], [Caption], [StatusBarText], [ControlTipText], [CharLength], [Visible], [FormatString]) values (1, 'System Fields', 'CashNI', 6, 'Cash NI', '', '', 0, 1, 'Currency')
insert into [tbProfileObjectDetail] ([ObjectTypeCode], [ObjectName], [ItemName], [ItemTypeCode], [Caption], [StatusBarText], [ControlTipText], [CharLength], [Visible], [FormatString]) values (1, 'System Fields', 'CashStatus', 1, 'Status', '', '', 15, 1, '')
insert into [tbProfileObjectDetail] ([ObjectTypeCode], [ObjectName], [ItemName], [ItemTypeCode], [Caption], [StatusBarText], [ControlTipText], [CharLength], [Visible], [FormatString]) values (1, 'System Fields', 'CashStatusCode', 2, 'Status/Cd', '', '', 0, 1, '0')
insert into [tbProfileObjectDetail] ([ObjectTypeCode], [ObjectName], [ItemName], [ItemTypeCode], [Caption], [StatusBarText], [ControlTipText], [CharLength], [Visible], [FormatString]) values (1, 'System Fields', 'CashTax', 6, 'Cash Tax', '', '', 0, 1, 'Currency')
insert into [tbProfileObjectDetail] ([ObjectTypeCode], [ObjectName], [ItemName], [ItemTypeCode], [Caption], [StatusBarText], [ControlTipText], [CharLength], [Visible], [FormatString]) values (1, 'System Fields', 'CashTaxNI', 6, 'Cash Tax NI', '', '', 0, 1, 'Currency')
insert into [tbProfileObjectDetail] ([ObjectTypeCode], [ObjectName], [ItemName], [ItemTypeCode], [Caption], [StatusBarText], [ControlTipText], [CharLength], [Visible], [FormatString]) values (1, 'System Fields', 'CashType', 1, 'Type', '', '', 25, 1, '')
insert into [tbProfileObjectDetail] ([ObjectTypeCode], [ObjectName], [ItemName], [ItemTypeCode], [Caption], [StatusBarText], [ControlTipText], [CharLength], [Visible], [FormatString]) values (1, 'System Fields', 'CashTypeCode', 2, 'Type/Cd', '', '', 0, 1, '0')
insert into [tbProfileObjectDetail] ([ObjectTypeCode], [ObjectName], [ItemName], [ItemTypeCode], [Caption], [StatusBarText], [ControlTipText], [CharLength], [Visible], [FormatString]) values (1, 'System Fields', 'CashValue', 6, 'Cash Value', '', '', 0, 1, 'Currency')
insert into [tbProfileObjectDetail] ([ObjectTypeCode], [ObjectName], [ItemName], [ItemTypeCode], [Caption], [StatusBarText], [ControlTipText], [CharLength], [Visible], [FormatString]) values (1, 'System Fields', 'CashVat', 6, 'Cash Vat', '', '', 0, 1, 'Currency')
insert into [tbProfileObjectDetail] ([ObjectTypeCode], [ObjectName], [ItemName], [ItemTypeCode], [Caption], [StatusBarText], [ControlTipText], [CharLength], [Visible], [FormatString]) values (1, 'System Fields', 'Category', 1, 'Category', '', '', 50, 1, '')
insert into [tbProfileObjectDetail] ([ObjectTypeCode], [ObjectName], [ItemName], [ItemTypeCode], [Caption], [StatusBarText], [ControlTipText], [CharLength], [Visible], [FormatString]) values (1, 'System Fields', 'CategoryCode', 1, 'Cat/Cd', '', '', 10, 1, '')
insert into [tbProfileObjectDetail] ([ObjectTypeCode], [ObjectName], [ItemName], [ItemTypeCode], [Caption], [StatusBarText], [ControlTipText], [CharLength], [Visible], [FormatString]) values (1, 'System Fields', 'CategoryId', 2, 'Category Id', '', '', 0, 1, '0')
insert into [tbProfileObjectDetail] ([ObjectTypeCode], [ObjectName], [ItemName], [ItemTypeCode], [Caption], [StatusBarText], [ControlTipText], [CharLength], [Visible], [FormatString]) values (1, 'System Fields', 'CategoryType', 1, 'Type', '', '', 20, 1, '')
insert into [tbProfileObjectDetail] ([ObjectTypeCode], [ObjectName], [ItemName], [ItemTypeCode], [Caption], [StatusBarText], [ControlTipText], [CharLength], [Visible], [FormatString]) values (1, 'System Fields', 'CategoryTypeCode', 2, 'Type/Cd', '', '', 0, 1, '0')
insert into [tbProfileObjectDetail] ([ObjectTypeCode], [ObjectName], [ItemName], [ItemTypeCode], [Caption], [StatusBarText], [ControlTipText], [CharLength], [Visible], [FormatString]) values (1, 'System Fields', 'Charge', 6, 'Charge', '', '', 0, 1, 'Currency')
insert into [tbProfileObjectDetail] ([ObjectTypeCode], [ObjectName], [ItemName], [ItemTypeCode], [Caption], [StatusBarText], [ControlTipText], [CharLength], [Visible], [FormatString]) values (1, 'System Fields', 'CharLength', 3, 'Char Length', '', '', 0, 1, '0')
insert into [tbProfileObjectDetail] ([ObjectTypeCode], [ObjectName], [ItemName], [ItemTypeCode], [Caption], [StatusBarText], [ControlTipText], [CharLength], [Visible], [FormatString]) values (1, 'System Fields', 'ChildCode', 1, 'Code', '', '', 10, 1, '')
insert into [tbProfileObjectDetail] ([ObjectTypeCode], [ObjectName], [ItemName], [ItemTypeCode], [Caption], [StatusBarText], [ControlTipText], [CharLength], [Visible], [FormatString]) values (1, 'System Fields', 'ChildTaskCode', 1, 'Child Task/Cd', '', '', 20, 1, '')
insert into [tbProfileObjectDetail] ([ObjectTypeCode], [ObjectName], [ItemName], [ItemTypeCode], [Caption], [StatusBarText], [ControlTipText], [CharLength], [Visible], [FormatString]) values (1, 'System Fields', 'ClosingBalance', 6, 'Closing Balance', '', '', 0, 1, 'Currency')
insert into [tbProfileObjectDetail] ([ObjectTypeCode], [ObjectName], [ItemName], [ItemTypeCode], [Caption], [StatusBarText], [ControlTipText], [CharLength], [Visible], [FormatString]) values (1, 'System Fields', 'Collect', 6, 'Collect', '', '', 0, 1, 'Currency')
insert into [tbProfileObjectDetail] ([ObjectTypeCode], [ObjectName], [ItemName], [ItemTypeCode], [Caption], [StatusBarText], [ControlTipText], [CharLength], [Visible], [FormatString]) values (1, 'System Fields', 'ColumnName', 1, 'Column', '', '', 128, 1, '')
insert into [tbProfileObjectDetail] ([ObjectTypeCode], [ObjectName], [ItemName], [ItemTypeCode], [Caption], [StatusBarText], [ControlTipText], [CharLength], [Visible], [FormatString]) values (1, 'System Fields', 'Command', 2, 'Command', '', '', 0, 1, '0')
insert into [tbProfileObjectDetail] ([ObjectTypeCode], [ObjectName], [ItemName], [ItemTypeCode], [Caption], [StatusBarText], [ControlTipText], [CharLength], [Visible], [FormatString]) values (1, 'System Fields', 'CommandText', 1, 'Command Text', '', '', 50, 1, '')
insert into [tbProfileObjectDetail] ([ObjectTypeCode], [ObjectName], [ItemName], [ItemTypeCode], [Caption], [StatusBarText], [ControlTipText], [CharLength], [Visible], [FormatString]) values (1, 'System Fields', 'CompanyBalance', 6, 'Company Balance', '', '', 0, 1, 'Currency')
insert into [tbProfileObjectDetail] ([ObjectTypeCode], [ObjectName], [ItemName], [ItemTypeCode], [Caption], [StatusBarText], [ControlTipText], [CharLength], [Visible], [FormatString]) values (1, 'System Fields', 'CompanyNumber', 1, 'Company No', '', '', 20, 1, '')
insert into [tbProfileObjectDetail] ([ObjectTypeCode], [ObjectName], [ItemName], [ItemTypeCode], [Caption], [StatusBarText], [ControlTipText], [CharLength], [Visible], [FormatString]) values (1, 'System Fields', 'ContactName', 1, 'Contact', '', '', 100, 1, '')
insert into [tbProfileObjectDetail] ([ObjectTypeCode], [ObjectName], [ItemName], [ItemTypeCode], [Caption], [StatusBarText], [ControlTipText], [CharLength], [Visible], [FormatString]) values (1, 'System Fields', 'ControlTipText', 9, 'Control Tip Text', '', '', 1073741823, 1, '')
insert into [tbProfileObjectDetail] ([ObjectTypeCode], [ObjectName], [ItemName], [ItemTypeCode], [Caption], [StatusBarText], [ControlTipText], [CharLength], [Visible], [FormatString]) values (1, 'System Fields', 'CorporationTax', 1, 'Corp. Tax', '', '', 50, 1, '')
insert into [tbProfileObjectDetail] ([ObjectTypeCode], [ObjectName], [ItemName], [ItemTypeCode], [Caption], [StatusBarText], [ControlTipText], [CharLength], [Visible], [FormatString]) values (1, 'System Fields', 'CurrentBalance', 6, 'Current Balance', '', '', 0, 1, 'Currency')
insert into [tbProfileObjectDetail] ([ObjectTypeCode], [ObjectName], [ItemName], [ItemTypeCode], [Caption], [StatusBarText], [ControlTipText], [CharLength], [Visible], [FormatString]) values (1, 'System Fields', 'DataType', 1, 'DataType', '', '', 128, 1, '')
insert into [tbProfileObjectDetail] ([ObjectTypeCode], [ObjectName], [ItemName], [ItemTypeCode], [Caption], [StatusBarText], [ControlTipText], [CharLength], [Visible], [FormatString]) values (1, 'System Fields', 'DataVersion', 5, 'Data Version', '', '', 0, 1, 'General Number')
insert into [tbProfileObjectDetail] ([ObjectTypeCode], [ObjectName], [ItemName], [ItemTypeCode], [Caption], [StatusBarText], [ControlTipText], [CharLength], [Visible], [FormatString]) values (1, 'System Fields', 'DateOfBirth', 8, 'D.O.B', '', '', 0, 1, 'Medium Date')
insert into [tbProfileObjectDetail] ([ObjectTypeCode], [ObjectName], [ItemName], [ItemTypeCode], [Caption], [StatusBarText], [ControlTipText], [CharLength], [Visible], [FormatString]) values (1, 'System Fields', 'DefaultPrintMode', 2, 'Print Mode', '', '', 0, 1, '0')
insert into [tbProfileObjectDetail] ([ObjectTypeCode], [ObjectName], [ItemName], [ItemTypeCode], [Caption], [StatusBarText], [ControlTipText], [CharLength], [Visible], [FormatString]) values (1, 'System Fields', 'DefaultText', 1, 'Default Text', '', '', 255, 1, '')
insert into [tbProfileObjectDetail] ([ObjectTypeCode], [ObjectName], [ItemName], [ItemTypeCode], [Caption], [StatusBarText], [ControlTipText], [CharLength], [Visible], [FormatString]) values (1, 'System Fields', 'Department', 1, 'Department', '', '', 50, 1, '')
insert into [tbProfileObjectDetail] ([ObjectTypeCode], [ObjectName], [ItemName], [ItemTypeCode], [Caption], [StatusBarText], [ControlTipText], [CharLength], [Visible], [FormatString]) values (1, 'System Fields', 'Description', 1, 'Description', '', '', 50, 1, '')
insert into [tbProfileObjectDetail] ([ObjectTypeCode], [ObjectName], [ItemName], [ItemTypeCode], [Caption], [StatusBarText], [ControlTipText], [CharLength], [Visible], [FormatString]) values (1, 'System Fields', 'DisplayOrder', 2, 'Display Order', '', '', 0, 1, '0')
insert into [tbProfileObjectDetail] ([ObjectTypeCode], [ObjectName], [ItemName], [ItemTypeCode], [Caption], [StatusBarText], [ControlTipText], [CharLength], [Visible], [FormatString]) values (1, 'System Fields', 'DocType', 1, 'Doc Type', '', '', 50, 1, '')
insert into [tbProfileObjectDetail] ([ObjectTypeCode], [ObjectName], [ItemName], [ItemTypeCode], [Caption], [StatusBarText], [ControlTipText], [CharLength], [Visible], [FormatString]) values (1, 'System Fields', 'DocTypeCode', 2, 'Doc Type/Cd', '', '', 0, 1, '0')
insert into [tbProfileObjectDetail] ([ObjectTypeCode], [ObjectName], [ItemName], [ItemTypeCode], [Caption], [StatusBarText], [ControlTipText], [CharLength], [Visible], [FormatString]) values (1, 'System Fields', 'DocumentDescription', 9, 'Description', '', '', 1073741823, 1, '')
insert into [tbProfileObjectDetail] ([ObjectTypeCode], [ObjectName], [ItemName], [ItemTypeCode], [Caption], [StatusBarText], [ControlTipText], [CharLength], [Visible], [FormatString]) values (1, 'System Fields', 'DocumentImage', 9, 'Document', '', '', 2147483647, 1, '')
insert into [tbProfileObjectDetail] ([ObjectTypeCode], [ObjectName], [ItemName], [ItemTypeCode], [Caption], [StatusBarText], [ControlTipText], [CharLength], [Visible], [FormatString]) values (1, 'System Fields', 'DocumentName', 1, 'Document Name', '', '', 255, 1, '')
insert into [tbProfileObjectDetail] ([ObjectTypeCode], [ObjectName], [ItemName], [ItemTypeCode], [Caption], [StatusBarText], [ControlTipText], [CharLength], [Visible], [FormatString]) values (1, 'System Fields', 'EmailAddress', 1, 'Email', '', '', 255, 1, '')
insert into [tbProfileObjectDetail] ([ObjectTypeCode], [ObjectName], [ItemName], [ItemTypeCode], [Caption], [StatusBarText], [ControlTipText], [CharLength], [Visible], [FormatString]) values (1, 'System Fields', 'EmployersNI', 1, 'Employers NI', '', '', 50, 1, '')
insert into [tbProfileObjectDetail] ([ObjectTypeCode], [ObjectName], [ItemName], [ItemTypeCode], [Caption], [StatusBarText], [ControlTipText], [CharLength], [Visible], [FormatString]) values (1, 'System Fields', 'EntryId', 3, 'Entry Id', '', '', 0, 1, '0')
insert into [tbProfileObjectDetail] ([ObjectTypeCode], [ObjectName], [ItemName], [ItemTypeCode], [Caption], [StatusBarText], [ControlTipText], [CharLength], [Visible], [FormatString]) values (1, 'System Fields', 'EntryNumber', 3, 'Entry No', '', '', 0, 1, '0')
insert into [tbProfileObjectDetail] ([ObjectTypeCode], [ObjectName], [ItemName], [ItemTypeCode], [Caption], [StatusBarText], [ControlTipText], [CharLength], [Visible], [FormatString]) values (1, 'System Fields', 'ExcludedTag', 1, 'Excluded Tag', '', '', 100, 1, '')
insert into [tbProfileObjectDetail] ([ObjectTypeCode], [ObjectName], [ItemName], [ItemTypeCode], [Caption], [StatusBarText], [ControlTipText], [CharLength], [Visible], [FormatString]) values (1, 'System Fields', 'ExportPurchases', 6, 'Export Purchases', '', '', 0, 1, 'Currency')
insert into [tbProfileObjectDetail] ([ObjectTypeCode], [ObjectName], [ItemName], [ItemTypeCode], [Caption], [StatusBarText], [ControlTipText], [CharLength], [Visible], [FormatString]) values (1, 'System Fields', 'ExportPurchasesVat', 6, 'Export Purchases Vat', '', '', 0, 1, 'Currency')
insert into [tbProfileObjectDetail] ([ObjectTypeCode], [ObjectName], [ItemName], [ItemTypeCode], [Caption], [StatusBarText], [ControlTipText], [CharLength], [Visible], [FormatString]) values (1, 'System Fields', 'ExportSales', 6, 'Export Sales', '', '', 0, 1, 'Currency')
insert into [tbProfileObjectDetail] ([ObjectTypeCode], [ObjectName], [ItemName], [ItemTypeCode], [Caption], [StatusBarText], [ControlTipText], [CharLength], [Visible], [FormatString]) values (1, 'System Fields', 'ExportSalesVat', 6, 'Export Sales Vat', '', '', 0, 1, 'Currency')
insert into [tbProfileObjectDetail] ([ObjectTypeCode], [ObjectName], [ItemName], [ItemTypeCode], [Caption], [StatusBarText], [ControlTipText], [CharLength], [Visible], [FormatString]) values (1, 'System Fields', 'Expression', 1, 'Expression', '', '', 256, 1, '')
insert into [tbProfileObjectDetail] ([ObjectTypeCode], [ObjectName], [ItemName], [ItemTypeCode], [Caption], [StatusBarText], [ControlTipText], [CharLength], [Visible], [FormatString]) values (1, 'System Fields', 'FaxNumber', 1, 'Fax No', '', '', 50, 1, '')
insert into [tbProfileObjectDetail] ([ObjectTypeCode], [ObjectName], [ItemName], [ItemTypeCode], [Caption], [StatusBarText], [ControlTipText], [CharLength], [Visible], [FormatString]) values (1, 'System Fields', 'FileAs', 1, 'File As', '', '', 100, 1, '')
insert into [tbProfileObjectDetail] ([ObjectTypeCode], [ObjectName], [ItemName], [ItemTypeCode], [Caption], [StatusBarText], [ControlTipText], [CharLength], [Visible], [FormatString]) values (1, 'System Fields', 'FolderId', 2, 'Folder Id', '', '', 0, 1, '0')
insert into [tbProfileObjectDetail] ([ObjectTypeCode], [ObjectName], [ItemName], [ItemTypeCode], [Caption], [StatusBarText], [ControlTipText], [CharLength], [Visible], [FormatString]) values (1, 'System Fields', 'ForecastNI', 6, 'Forecast NI', '', '', 0, 1, 'Currency')
insert into [tbProfileObjectDetail] ([ObjectTypeCode], [ObjectName], [ItemName], [ItemTypeCode], [Caption], [StatusBarText], [ControlTipText], [CharLength], [Visible], [FormatString]) values (1, 'System Fields', 'ForecastTax', 6, 'Forecast Tax', '', '', 0, 1, 'Currency')
insert into [tbProfileObjectDetail] ([ObjectTypeCode], [ObjectName], [ItemName], [ItemTypeCode], [Caption], [StatusBarText], [ControlTipText], [CharLength], [Visible], [FormatString]) values (1, 'System Fields', 'ForecastValue', 6, 'Forecast Value', '', '', 0, 1, 'Currency')
insert into [tbProfileObjectDetail] ([ObjectTypeCode], [ObjectName], [ItemName], [ItemTypeCode], [Caption], [StatusBarText], [ControlTipText], [CharLength], [Visible], [FormatString]) values (1, 'System Fields', 'ForecastVat', 6, 'Forecast Vat', '', '', 0, 1, 'Currency')
insert into [tbProfileObjectDetail] ([ObjectTypeCode], [ObjectName], [ItemName], [ItemTypeCode], [Caption], [StatusBarText], [ControlTipText], [CharLength], [Visible], [FormatString]) values (1, 'System Fields', 'ForeignJurisdiction', 7, 'Foreign?', '', '', 0, 1, 'Yes/No')
insert into [tbProfileObjectDetail] ([ObjectTypeCode], [ObjectName], [ItemName], [ItemTypeCode], [Caption], [StatusBarText], [ControlTipText], [CharLength], [Visible], [FormatString]) values (1, 'System Fields', 'Format', 1, 'Format', '', '', 100, 1, '')
insert into [tbProfileObjectDetail] ([ObjectTypeCode], [ObjectName], [ItemName], [ItemTypeCode], [Caption], [StatusBarText], [ControlTipText], [CharLength], [Visible], [FormatString]) values (1, 'System Fields', 'FormatString', 1, 'Format Str', '', '', 20, 1, '')
insert into [tbProfileObjectDetail] ([ObjectTypeCode], [ObjectName], [ItemName], [ItemTypeCode], [Caption], [StatusBarText], [ControlTipText], [CharLength], [Visible], [FormatString]) values (1, 'System Fields', 'Friday', 7, 'Friday?', '', '', 0, 1, 'Yes/No')
insert into [tbProfileObjectDetail] ([ObjectTypeCode], [ObjectName], [ItemName], [ItemTypeCode], [Caption], [StatusBarText], [ControlTipText], [CharLength], [Visible], [FormatString]) values (1, 'System Fields', 'GeneralTax', 1, 'General Tax', '', '', 50, 1, '')
insert into [tbProfileObjectDetail] ([ObjectTypeCode], [ObjectName], [ItemName], [ItemTypeCode], [Caption], [StatusBarText], [ControlTipText], [CharLength], [Visible], [FormatString]) values (1, 'System Fields', 'Hobby', 1, 'Hobby', '', '', 50, 1, '')
insert into [tbProfileObjectDetail] ([ObjectTypeCode], [ObjectName], [ItemName], [ItemTypeCode], [Caption], [StatusBarText], [ControlTipText], [CharLength], [Visible], [FormatString]) values (1, 'System Fields', 'HomeNumber', 1, 'Home No.', '', '', 50, 1, '')
insert into [tbProfileObjectDetail] ([ObjectTypeCode], [ObjectName], [ItemName], [ItemTypeCode], [Caption], [StatusBarText], [ControlTipText], [CharLength], [Visible], [FormatString]) values (1, 'System Fields', 'HomePurchases', 6, 'Hom ePurchases', '', '', 0, 1, 'Currency')
insert into [tbProfileObjectDetail] ([ObjectTypeCode], [ObjectName], [ItemName], [ItemTypeCode], [Caption], [StatusBarText], [ControlTipText], [CharLength], [Visible], [FormatString]) values (1, 'System Fields', 'HomePurchasesVat', 6, 'Home Purchases Vat', '', '', 0, 1, 'Currency')
insert into [tbProfileObjectDetail] ([ObjectTypeCode], [ObjectName], [ItemName], [ItemTypeCode], [Caption], [StatusBarText], [ControlTipText], [CharLength], [Visible], [FormatString]) values (1, 'System Fields', 'HomeSales', 6, 'Home Sales', '', '', 0, 1, 'Currency')
insert into [tbProfileObjectDetail] ([ObjectTypeCode], [ObjectName], [ItemName], [ItemTypeCode], [Caption], [StatusBarText], [ControlTipText], [CharLength], [Visible], [FormatString]) values (1, 'System Fields', 'HomeSalesVat', 6, 'Home Sales Vat', '', '', 0, 1, 'Currency')
insert into [tbProfileObjectDetail] ([ObjectTypeCode], [ObjectName], [ItemName], [ItemTypeCode], [Caption], [StatusBarText], [ControlTipText], [CharLength], [Visible], [FormatString]) values (1, 'System Fields', 'Id', 3, 'Id', '', '', 0, 1, '0')
insert into [tbProfileObjectDetail] ([ObjectTypeCode], [ObjectName], [ItemName], [ItemTypeCode], [Caption], [StatusBarText], [ControlTipText], [CharLength], [Visible], [FormatString]) values (1, 'System Fields', 'Identifier', 1, 'Identifier', '', '', 4, 1, '')
insert into [tbProfileObjectDetail] ([ObjectTypeCode], [ObjectName], [ItemName], [ItemTypeCode], [Caption], [StatusBarText], [ControlTipText], [CharLength], [Visible], [FormatString]) values (1, 'System Fields', 'IndustrySector', 1, 'Sector', '', '', 255, 1, '')
insert into [tbProfileObjectDetail] ([ObjectTypeCode], [ObjectName], [ItemName], [ItemTypeCode], [Caption], [StatusBarText], [ControlTipText], [CharLength], [Visible], [FormatString]) values (1, 'System Fields', 'Information', 9, 'Information', '', '', 1073741823, 1, '')
insert into [tbProfileObjectDetail] ([ObjectTypeCode], [ObjectName], [ItemName], [ItemTypeCode], [Caption], [StatusBarText], [ControlTipText], [CharLength], [Visible], [FormatString]) values (1, 'System Fields', 'Initialised', 7, 'Initialised?', '', '', 0, 1, 'Yes/No')
insert into [tbProfileObjectDetail] ([ObjectTypeCode], [ObjectName], [ItemName], [ItemTypeCode], [Caption], [StatusBarText], [ControlTipText], [CharLength], [Visible], [FormatString]) values (1, 'System Fields', 'InsertedBy', 1, 'Inserted By', '', '', 50, 1, '')
insert into [tbProfileObjectDetail] ([ObjectTypeCode], [ObjectName], [ItemName], [ItemTypeCode], [Caption], [StatusBarText], [ControlTipText], [CharLength], [Visible], [FormatString]) values (1, 'System Fields', 'InsertedOn', 8, 'Inserted On', '', '', 0, 1, 'Medium Date')
insert into [tbProfileObjectDetail] ([ObjectTypeCode], [ObjectName], [ItemName], [ItemTypeCode], [Caption], [StatusBarText], [ControlTipText], [CharLength], [Visible], [FormatString]) values (1, 'System Fields', 'InstalledBy', 1, 'Installed By', '', '', 50, 1, '')
insert into [tbProfileObjectDetail] ([ObjectTypeCode], [ObjectName], [ItemName], [ItemTypeCode], [Caption], [StatusBarText], [ControlTipText], [CharLength], [Visible], [FormatString]) values (1, 'System Fields', 'InstalledOn', 8, 'Installed On', '', '', 0, 1, 'Medium Date')
insert into [tbProfileObjectDetail] ([ObjectTypeCode], [ObjectName], [ItemName], [ItemTypeCode], [Caption], [StatusBarText], [ControlTipText], [CharLength], [Visible], [FormatString]) values (1, 'System Fields', 'InstallId', 3, 'Install Id', '', '', 0, 1, '0')
insert into [tbProfileObjectDetail] ([ObjectTypeCode], [ObjectName], [ItemName], [ItemTypeCode], [Caption], [StatusBarText], [ControlTipText], [CharLength], [Visible], [FormatString]) values (1, 'System Fields', 'InvoicedOn', 8, 'Invoiced On', '', '', 0, 1, 'Medium Date')
insert into [tbProfileObjectDetail] ([ObjectTypeCode], [ObjectName], [ItemName], [ItemTypeCode], [Caption], [StatusBarText], [ControlTipText], [CharLength], [Visible], [FormatString]) values (1, 'System Fields', 'InvoiceNI', 6, 'Invoice NI', '', '', 0, 1, 'Currency')
insert into [tbProfileObjectDetail] ([ObjectTypeCode], [ObjectName], [ItemName], [ItemTypeCode], [Caption], [StatusBarText], [ControlTipText], [CharLength], [Visible], [FormatString]) values (1, 'System Fields', 'InvoiceNumber', 1, 'Invoice No', '', '', 20, 1, '')
insert into [tbProfileObjectDetail] ([ObjectTypeCode], [ObjectName], [ItemName], [ItemTypeCode], [Caption], [StatusBarText], [ControlTipText], [CharLength], [Visible], [FormatString]) values (1, 'System Fields', 'InvoiceQuantity', 5, 'Invoice Qty', '', '', 0, 1, 'General Number')
insert into [tbProfileObjectDetail] ([ObjectTypeCode], [ObjectName], [ItemName], [ItemTypeCode], [Caption], [StatusBarText], [ControlTipText], [CharLength], [Visible], [FormatString]) values (1, 'System Fields', 'InvoiceStatus', 1, 'Status', '', '', 50, 1, '')
insert into [tbProfileObjectDetail] ([ObjectTypeCode], [ObjectName], [ItemName], [ItemTypeCode], [Caption], [StatusBarText], [ControlTipText], [CharLength], [Visible], [FormatString]) values (1, 'System Fields', 'InvoiceStatusCode', 2, 'Status/Cd', '', '', 0, 1, '0')
insert into [tbProfileObjectDetail] ([ObjectTypeCode], [ObjectName], [ItemName], [ItemTypeCode], [Caption], [StatusBarText], [ControlTipText], [CharLength], [Visible], [FormatString]) values (1, 'System Fields', 'InvoiceTax', 6, 'Invoice Tax', '', '', 0, 1, 'Currency')
insert into [tbProfileObjectDetail] ([ObjectTypeCode], [ObjectName], [ItemName], [ItemTypeCode], [Caption], [StatusBarText], [ControlTipText], [CharLength], [Visible], [FormatString]) values (1, 'System Fields', 'InvoiceTaxNI', 6, 'Invoice Tax NI', '', '', 0, 1, 'Currency')
insert into [tbProfileObjectDetail] ([ObjectTypeCode], [ObjectName], [ItemName], [ItemTypeCode], [Caption], [StatusBarText], [ControlTipText], [CharLength], [Visible], [FormatString]) values (1, 'System Fields', 'InvoiceType', 1, 'Type', '', '', 20, 1, '')
insert into [tbProfileObjectDetail] ([ObjectTypeCode], [ObjectName], [ItemName], [ItemTypeCode], [Caption], [StatusBarText], [ControlTipText], [CharLength], [Visible], [FormatString]) values (1, 'System Fields', 'InvoiceTypeCode', 2, 'Type/Cd', '', '', 0, 1, '0')
insert into [tbProfileObjectDetail] ([ObjectTypeCode], [ObjectName], [ItemName], [ItemTypeCode], [Caption], [StatusBarText], [ControlTipText], [CharLength], [Visible], [FormatString]) values (1, 'System Fields', 'InvoiceValue', 6, 'Invoice Value', '', '', 0, 1, 'Currency')
insert into [tbProfileObjectDetail] ([ObjectTypeCode], [ObjectName], [ItemName], [ItemTypeCode], [Caption], [StatusBarText], [ControlTipText], [CharLength], [Visible], [FormatString]) values (1, 'System Fields', 'InvoiceValueTotal', 6, 'Invoice Value Total', '', '', 0, 1, 'Currency')
insert into [tbProfileObjectDetail] ([ObjectTypeCode], [ObjectName], [ItemName], [ItemTypeCode], [Caption], [StatusBarText], [ControlTipText], [CharLength], [Visible], [FormatString]) values (1, 'System Fields', 'InvoiceVat', 6, 'Invoice Vat', '', '', 0, 1, 'Currency')
insert into [tbProfileObjectDetail] ([ObjectTypeCode], [ObjectName], [ItemName], [ItemTypeCode], [Caption], [StatusBarText], [ControlTipText], [CharLength], [Visible], [FormatString]) values (1, 'System Fields', 'ItemId', 2, 'Item Id', '', '', 0, 1, '0')
insert into [tbProfileObjectDetail] ([ObjectTypeCode], [ObjectName], [ItemName], [ItemTypeCode], [Caption], [StatusBarText], [ControlTipText], [CharLength], [Visible], [FormatString]) values (1, 'System Fields', 'ItemName', 1, 'Item Name', '', '', 100, 1, '')
insert into [tbProfileObjectDetail] ([ObjectTypeCode], [ObjectName], [ItemName], [ItemTypeCode], [Caption], [StatusBarText], [ControlTipText], [CharLength], [Visible], [FormatString]) values (1, 'System Fields', 'ItemReference', 9, 'Reference', '', '', 1073741823, 1, '')
insert into [tbProfileObjectDetail] ([ObjectTypeCode], [ObjectName], [ItemName], [ItemTypeCode], [Caption], [StatusBarText], [ControlTipText], [CharLength], [Visible], [FormatString]) values (1, 'System Fields', 'ItemText', 1, 'Item Text', '', '', 255, 1, '')
insert into [tbProfileObjectDetail] ([ObjectTypeCode], [ObjectName], [ItemName], [ItemTypeCode], [Caption], [StatusBarText], [ControlTipText], [CharLength], [Visible], [FormatString]) values (1, 'System Fields', 'ItemType', 1, 'Item Type', '', '', 50, 1, '')
insert into [tbProfileObjectDetail] ([ObjectTypeCode], [ObjectName], [ItemName], [ItemTypeCode], [Caption], [StatusBarText], [ControlTipText], [CharLength], [Visible], [FormatString]) values (1, 'System Fields', 'ItemTypeCode', 2, 'Type/Cd', '', '', 0, 1, '0')
insert into [tbProfileObjectDetail] ([ObjectTypeCode], [ObjectName], [ItemName], [ItemTypeCode], [Caption], [StatusBarText], [ControlTipText], [CharLength], [Visible], [FormatString]) values (1, 'System Fields', 'ItemValue', 6, 'Item Value', '', '', 0, 1, 'Currency')
insert into [tbProfileObjectDetail] ([ObjectTypeCode], [ObjectName], [ItemName], [ItemTypeCode], [Caption], [StatusBarText], [ControlTipText], [CharLength], [Visible], [FormatString]) values (1, 'System Fields', 'JobTitle', 1, 'Job Title', '', '', 100, 1, '')
insert into [tbProfileObjectDetail] ([ObjectTypeCode], [ObjectName], [ItemName], [ItemTypeCode], [Caption], [StatusBarText], [ControlTipText], [CharLength], [Visible], [FormatString]) values (1, 'System Fields', 'LastEntry', 3, 'Last Entry', '', '', 0, 1, '0')
insert into [tbProfileObjectDetail] ([ObjectTypeCode], [ObjectName], [ItemName], [ItemTypeCode], [Caption], [StatusBarText], [ControlTipText], [CharLength], [Visible], [FormatString]) values (1, 'System Fields', 'Length', 3, 'Length', '', '', 0, 1, '0')
insert into [tbProfileObjectDetail] ([ObjectTypeCode], [ObjectName], [ItemName], [ItemTypeCode], [Caption], [StatusBarText], [ControlTipText], [CharLength], [Visible], [FormatString]) values (1, 'System Fields', 'Licence', 1, 'Licence', '', '', 50, 1, '')
insert into [tbProfileObjectDetail] ([ObjectTypeCode], [ObjectName], [ItemName], [ItemTypeCode], [Caption], [StatusBarText], [ControlTipText], [CharLength], [Visible], [FormatString]) values (1, 'System Fields', 'LicenceType', 2, 'Licence Type', '', '', 0, 1, '0')
insert into [tbProfileObjectDetail] ([ObjectTypeCode], [ObjectName], [ItemName], [ItemTypeCode], [Caption], [StatusBarText], [ControlTipText], [CharLength], [Visible], [FormatString]) values (1, 'System Fields', 'LinkName', 1, 'Link Name', '', '', 100, 1, '')
insert into [tbProfileObjectDetail] ([ObjectTypeCode], [ObjectName], [ItemName], [ItemTypeCode], [Caption], [StatusBarText], [ControlTipText], [CharLength], [Visible], [FormatString]) values (1, 'System Fields', 'Logo', 9, 'Logo', '', '', 2147483647, 1, '')
insert into [tbProfileObjectDetail] ([ObjectTypeCode], [ObjectName], [ItemName], [ItemTypeCode], [Caption], [StatusBarText], [ControlTipText], [CharLength], [Visible], [FormatString]) values (1, 'System Fields', 'LogonName', 1, 'Logon Name', '', '', 50, 1, '')
insert into [tbProfileObjectDetail] ([ObjectTypeCode], [ObjectName], [ItemName], [ItemTypeCode], [Caption], [StatusBarText], [ControlTipText], [CharLength], [Visible], [FormatString]) values (1, 'System Fields', 'ManualForecast', 7, 'Manual Forecast?', '', '', 0, 1, 'Yes/No')
insert into [tbProfileObjectDetail] ([ObjectTypeCode], [ObjectName], [ItemName], [ItemTypeCode], [Caption], [StatusBarText], [ControlTipText], [CharLength], [Visible], [FormatString]) values (1, 'System Fields', 'MaterialStoreValue', 6, 'Material Store Value', '', '', 0, 1, 'Currency')
insert into [tbProfileObjectDetail] ([ObjectTypeCode], [ObjectName], [ItemName], [ItemTypeCode], [Caption], [StatusBarText], [ControlTipText], [CharLength], [Visible], [FormatString]) values (1, 'System Fields', 'MaterialWipValue', 6, 'Material Wip Value', '', '', 0, 1, 'Currency')
insert into [tbProfileObjectDetail] ([ObjectTypeCode], [ObjectName], [ItemName], [ItemTypeCode], [Caption], [StatusBarText], [ControlTipText], [CharLength], [Visible], [FormatString]) values (1, 'System Fields', 'MenuId', 2, 'Menu Id', '', '', 0, 1, '0')
insert into [tbProfileObjectDetail] ([ObjectTypeCode], [ObjectName], [ItemName], [ItemTypeCode], [Caption], [StatusBarText], [ControlTipText], [CharLength], [Visible], [FormatString]) values (1, 'System Fields', 'MenuName', 1, 'Menu Name', '', '', 50, 1, '')
insert into [tbProfileObjectDetail] ([ObjectTypeCode], [ObjectName], [ItemName], [ItemTypeCode], [Caption], [StatusBarText], [ControlTipText], [CharLength], [Visible], [FormatString]) values (1, 'System Fields', 'Message', 9, 'Message', '', '', 1073741823, 1, '')
insert into [tbProfileObjectDetail] ([ObjectTypeCode], [ObjectName], [ItemName], [ItemTypeCode], [Caption], [StatusBarText], [ControlTipText], [CharLength], [Visible], [FormatString]) values (1, 'System Fields', 'MobileNumber', 1, 'Mobile No', '', '', 50, 1, '')
insert into [tbProfileObjectDetail] ([ObjectTypeCode], [ObjectName], [ItemName], [ItemTypeCode], [Caption], [StatusBarText], [ControlTipText], [CharLength], [Visible], [FormatString]) values (1, 'System Fields', 'Monday', 7, 'Monday?', '', '', 0, 1, 'Yes/No')
insert into [tbProfileObjectDetail] ([ObjectTypeCode], [ObjectName], [ItemName], [ItemTypeCode], [Caption], [StatusBarText], [ControlTipText], [CharLength], [Visible], [FormatString]) values (1, 'System Fields', 'MonthName', 1, 'Month', '', '', 10, 1, '')
insert into [tbProfileObjectDetail] ([ObjectTypeCode], [ObjectName], [ItemName], [ItemTypeCode], [Caption], [StatusBarText], [ControlTipText], [CharLength], [Visible], [FormatString]) values (1, 'System Fields', 'MonthNumber', 2, 'Month No', '', '', 0, 1, '0')
insert into [tbProfileObjectDetail] ([ObjectTypeCode], [ObjectName], [ItemName], [ItemTypeCode], [Caption], [StatusBarText], [ControlTipText], [CharLength], [Visible], [FormatString]) values (1, 'System Fields', 'NameTitle', 1, 'Title', '', '', 25, 1, '')
insert into [tbProfileObjectDetail] ([ObjectTypeCode], [ObjectName], [ItemName], [ItemTypeCode], [Caption], [StatusBarText], [ControlTipText], [CharLength], [Visible], [FormatString]) values (1, 'System Fields', 'NextNumber', 3, 'Next No.', '', '', 0, 1, '0')
insert into [tbProfileObjectDetail] ([ObjectTypeCode], [ObjectName], [ItemName], [ItemTypeCode], [Caption], [StatusBarText], [ControlTipText], [CharLength], [Visible], [FormatString]) values (1, 'System Fields', 'NickName', 1, 'Nick Name', '', '', 100, 1, '')
insert into [tbProfileObjectDetail] ([ObjectTypeCode], [ObjectName], [ItemName], [ItemTypeCode], [Caption], [StatusBarText], [ControlTipText], [CharLength], [Visible], [FormatString]) values (1, 'System Fields', 'Note', 9, 'Note', '', '', 1073741823, 1, '')
insert into [tbProfileObjectDetail] ([ObjectTypeCode], [ObjectName], [ItemName], [ItemTypeCode], [Caption], [StatusBarText], [ControlTipText], [CharLength], [Visible], [FormatString]) values (1, 'System Fields', 'Notes', 9, 'Notes', '', '', 1073741823, 1, '')
insert into [tbProfileObjectDetail] ([ObjectTypeCode], [ObjectName], [ItemName], [ItemTypeCode], [Caption], [StatusBarText], [ControlTipText], [CharLength], [Visible], [FormatString]) values (1, 'System Fields', 'NumberOfEmployees', 3, 'Employees', '', '', 0, 1, '0')
insert into [tbProfileObjectDetail] ([ObjectTypeCode], [ObjectName], [ItemName], [ItemTypeCode], [Caption], [StatusBarText], [ControlTipText], [CharLength], [Visible], [FormatString]) values (1, 'System Fields', 'ObjectName', 1, 'Object Name', '', '', 50, 1, '')
insert into [tbProfileObjectDetail] ([ObjectTypeCode], [ObjectName], [ItemName], [ItemTypeCode], [Caption], [StatusBarText], [ControlTipText], [CharLength], [Visible], [FormatString]) values (1, 'System Fields', 'ObjectType', 1, 'Object Type', '', '', 50, 1, '')
insert into [tbProfileObjectDetail] ([ObjectTypeCode], [ObjectName], [ItemName], [ItemTypeCode], [Caption], [StatusBarText], [ControlTipText], [CharLength], [Visible], [FormatString]) values (1, 'System Fields', 'ObjectTypeCode', 2, 'Type/Cd', '', '', 0, 1, '0')
insert into [tbProfileObjectDetail] ([ObjectTypeCode], [ObjectName], [ItemName], [ItemTypeCode], [Caption], [StatusBarText], [ControlTipText], [CharLength], [Visible], [FormatString]) values (1, 'System Fields', 'OffsetDays', 2, 'Offset', '', '', 0, 1, '0')
insert into [tbProfileObjectDetail] ([ObjectTypeCode], [ObjectName], [ItemName], [ItemTypeCode], [Caption], [StatusBarText], [ControlTipText], [CharLength], [Visible], [FormatString]) values (1, 'System Fields', 'OnMailingList', 7, 'Mail List?', '', '', 0, 1, 'Yes/No')
insert into [tbProfileObjectDetail] ([ObjectTypeCode], [ObjectName], [ItemName], [ItemTypeCode], [Caption], [StatusBarText], [ControlTipText], [CharLength], [Visible], [FormatString]) values (1, 'System Fields', 'OpeningBalance', 6, 'Opening Balance', '', '', 0, 1, 'Currency')
insert into [tbProfileObjectDetail] ([ObjectTypeCode], [ObjectName], [ItemName], [ItemTypeCode], [Caption], [StatusBarText], [ControlTipText], [CharLength], [Visible], [FormatString]) values (1, 'System Fields', 'OpenMode', 2, 'Open Mode', '', '', 0, 1, '0')
insert into [tbProfileObjectDetail] ([ObjectTypeCode], [ObjectName], [ItemName], [ItemTypeCode], [Caption], [StatusBarText], [ControlTipText], [CharLength], [Visible], [FormatString]) values (1, 'System Fields', 'OpenModeDescription', 1, 'Open Mode', '', '', 20, 1, '')
insert into [tbProfileObjectDetail] ([ObjectTypeCode], [ObjectName], [ItemName], [ItemTypeCode], [Caption], [StatusBarText], [ControlTipText], [CharLength], [Visible], [FormatString]) values (1, 'System Fields', 'OrderBy', 3, 'Order By', '', '', 0, 1, '0')
insert into [tbProfileObjectDetail] ([ObjectTypeCode], [ObjectName], [ItemName], [ItemTypeCode], [Caption], [StatusBarText], [ControlTipText], [CharLength], [Visible], [FormatString]) values (1, 'System Fields', 'OrganisationStatus', 1, 'Status', '', '', 255, 1, '')
insert into [tbProfileObjectDetail] ([ObjectTypeCode], [ObjectName], [ItemName], [ItemTypeCode], [Caption], [StatusBarText], [ControlTipText], [CharLength], [Visible], [FormatString]) values (1, 'System Fields', 'OrganisationStatusCode', 2, 'Status/Cd', '', '', 0, 1, '0')
insert into [tbProfileObjectDetail] ([ObjectTypeCode], [ObjectName], [ItemName], [ItemTypeCode], [Caption], [StatusBarText], [ControlTipText], [CharLength], [Visible], [FormatString]) values (1, 'System Fields', 'OrganisationType', 1, 'Type', '', '', 50, 1, '')
insert into [tbProfileObjectDetail] ([ObjectTypeCode], [ObjectName], [ItemName], [ItemTypeCode], [Caption], [StatusBarText], [ControlTipText], [CharLength], [Visible], [FormatString]) values (1, 'System Fields', 'OrganisationTypeCode', 2, 'Type/Cd', '', '', 0, 1, '0')
insert into [tbProfileObjectDetail] ([ObjectTypeCode], [ObjectName], [ItemName], [ItemTypeCode], [Caption], [StatusBarText], [ControlTipText], [CharLength], [Visible], [FormatString]) values (1, 'System Fields', 'OutstandingValue', 6, 'Outstanding Value', '', '', 0, 1, 'Currency')
insert into [tbProfileObjectDetail] ([ObjectTypeCode], [ObjectName], [ItemName], [ItemTypeCode], [Caption], [StatusBarText], [ControlTipText], [CharLength], [Visible], [FormatString]) values (1, 'System Fields', 'Owner', 1, 'Owner', '', '', 128, 1, '')
insert into [tbProfileObjectDetail] ([ObjectTypeCode], [ObjectName], [ItemName], [ItemTypeCode], [Caption], [StatusBarText], [ControlTipText], [CharLength], [Visible], [FormatString]) values (1, 'System Fields', 'OwnerName', 1, 'Owner', '', '', 50, 1, '')
insert into [tbProfileObjectDetail] ([ObjectTypeCode], [ObjectName], [ItemName], [ItemTypeCode], [Caption], [StatusBarText], [ControlTipText], [CharLength], [Visible], [FormatString]) values (1, 'System Fields', 'PaidBalance', 6, 'Paid Balance', '', '', 0, 1, 'Currency')
insert into [tbProfileObjectDetail] ([ObjectTypeCode], [ObjectName], [ItemName], [ItemTypeCode], [Caption], [StatusBarText], [ControlTipText], [CharLength], [Visible], [FormatString]) values (1, 'System Fields', 'PaidInValue', 6, 'Paid In Value', '', '', 0, 1, 'Currency')
insert into [tbProfileObjectDetail] ([ObjectTypeCode], [ObjectName], [ItemName], [ItemTypeCode], [Caption], [StatusBarText], [ControlTipText], [CharLength], [Visible], [FormatString]) values (1, 'System Fields', 'PaidOn', 8, 'Paid On', '', '', 0, 1, 'Medium Date')
insert into [tbProfileObjectDetail] ([ObjectTypeCode], [ObjectName], [ItemName], [ItemTypeCode], [Caption], [StatusBarText], [ControlTipText], [CharLength], [Visible], [FormatString]) values (1, 'System Fields', 'PaidOutValue', 6, 'Paid Out Value', '', '', 0, 1, 'Currency')
insert into [tbProfileObjectDetail] ([ObjectTypeCode], [ObjectName], [ItemName], [ItemTypeCode], [Caption], [StatusBarText], [ControlTipText], [CharLength], [Visible], [FormatString]) values (1, 'System Fields', 'PaidTaxValue', 6, 'Paid Tax Value', '', '', 0, 1, 'Currency')
insert into [tbProfileObjectDetail] ([ObjectTypeCode], [ObjectName], [ItemName], [ItemTypeCode], [Caption], [StatusBarText], [ControlTipText], [CharLength], [Visible], [FormatString]) values (1, 'System Fields', 'PaidValue', 6, 'Paid Value', '', '', 0, 1, 'Currency')
insert into [tbProfileObjectDetail] ([ObjectTypeCode], [ObjectName], [ItemName], [ItemTypeCode], [Caption], [StatusBarText], [ControlTipText], [CharLength], [Visible], [FormatString]) values (1, 'System Fields', 'ParentCode', 1, 'Parent/Cd', '', '', 10, 1, '')
insert into [tbProfileObjectDetail] ([ObjectTypeCode], [ObjectName], [ItemName], [ItemTypeCode], [Caption], [StatusBarText], [ControlTipText], [CharLength], [Visible], [FormatString]) values (1, 'System Fields', 'ParentTaskCode', 1, 'Parent Task/Cd', '', '', 20, 1, '')
insert into [tbProfileObjectDetail] ([ObjectTypeCode], [ObjectName], [ItemName], [ItemTypeCode], [Caption], [StatusBarText], [ControlTipText], [CharLength], [Visible], [FormatString]) values (1, 'System Fields', 'Pay', 6, 'Pay', '', '', 0, 1, 'Currency')
insert into [tbProfileObjectDetail] ([ObjectTypeCode], [ObjectName], [ItemName], [ItemTypeCode], [Caption], [StatusBarText], [ControlTipText], [CharLength], [Visible], [FormatString]) values (1, 'System Fields', 'PaymentCode', 1, 'Pay/Cd', '', '', 20, 1, '')
insert into [tbProfileObjectDetail] ([ObjectTypeCode], [ObjectName], [ItemName], [ItemTypeCode], [Caption], [StatusBarText], [ControlTipText], [CharLength], [Visible], [FormatString]) values (1, 'System Fields', 'PaymentDays', 2, 'Pay On', '', '', 0, 1, '0 days')
insert into [tbProfileObjectDetail] ([ObjectTypeCode], [ObjectName], [ItemName], [ItemTypeCode], [Caption], [StatusBarText], [ControlTipText], [CharLength], [Visible], [FormatString]) values (1, 'System Fields', 'PaymentOn', 8, 'Pay On', '', '', 0, 1, 'Medium Date')
insert into [tbProfileObjectDetail] ([ObjectTypeCode], [ObjectName], [ItemName], [ItemTypeCode], [Caption], [StatusBarText], [ControlTipText], [CharLength], [Visible], [FormatString]) values (1, 'System Fields', 'PaymentReference', 1, 'Pay/Ref', '', '', 50, 1, '')
insert into [tbProfileObjectDetail] ([ObjectTypeCode], [ObjectName], [ItemName], [ItemTypeCode], [Caption], [StatusBarText], [ControlTipText], [CharLength], [Visible], [FormatString]) values (1, 'System Fields', 'PaymentStatus', 1, 'Status', '', '', 20, 1, '')
insert into [tbProfileObjectDetail] ([ObjectTypeCode], [ObjectName], [ItemName], [ItemTypeCode], [Caption], [StatusBarText], [ControlTipText], [CharLength], [Visible], [FormatString]) values (1, 'System Fields', 'PaymentStatusCode', 2, 'Status/Cd', '', '', 0, 1, '0')
insert into [tbProfileObjectDetail] ([ObjectTypeCode], [ObjectName], [ItemName], [ItemTypeCode], [Caption], [StatusBarText], [ControlTipText], [CharLength], [Visible], [FormatString]) values (1, 'System Fields', 'PaymentTerms', 1, 'Terms', '', '', 100, 1, '')
insert into [tbProfileObjectDetail] ([ObjectTypeCode], [ObjectName], [ItemName], [ItemTypeCode], [Caption], [StatusBarText], [ControlTipText], [CharLength], [Visible], [FormatString]) values (1, 'System Fields', 'Period', 2, 'Period', '', '', 0, 1, '0')
insert into [tbProfileObjectDetail] ([ObjectTypeCode], [ObjectName], [ItemName], [ItemTypeCode], [Caption], [StatusBarText], [ControlTipText], [CharLength], [Visible], [FormatString]) values (1, 'System Fields', 'PeriodOn', 1, 'Period On', '', '', 61, 1, '')
insert into [tbProfileObjectDetail] ([ObjectTypeCode], [ObjectName], [ItemName], [ItemTypeCode], [Caption], [StatusBarText], [ControlTipText], [CharLength], [Visible], [FormatString]) values (1, 'System Fields', 'PhoneNumber', 1, 'Phone No', '', '', 50, 1, '')
insert into [tbProfileObjectDetail] ([ObjectTypeCode], [ObjectName], [ItemName], [ItemTypeCode], [Caption], [StatusBarText], [ControlTipText], [CharLength], [Visible], [FormatString]) values (1, 'System Fields', 'Photo', 9, 'Photo', '', '', 2147483647, 1, '')
insert into [tbProfileObjectDetail] ([ObjectTypeCode], [ObjectName], [ItemName], [ItemTypeCode], [Caption], [StatusBarText], [ControlTipText], [CharLength], [Visible], [FormatString]) values (1, 'System Fields', 'Precision', 2, 'Precision', '', '', 0, 1, '0')
insert into [tbProfileObjectDetail] ([ObjectTypeCode], [ObjectName], [ItemName], [ItemTypeCode], [Caption], [StatusBarText], [ControlTipText], [CharLength], [Visible], [FormatString]) values (1, 'System Fields', 'Printed', 7, 'Printed?', '', '', 0, 1, 'Yes/No')
insert into [tbProfileObjectDetail] ([ObjectTypeCode], [ObjectName], [ItemName], [ItemTypeCode], [Caption], [StatusBarText], [ControlTipText], [CharLength], [Visible], [FormatString]) values (1, 'System Fields', 'PrintOrder', 2, 'Print Order', '', '', 0, 1, '0')
insert into [tbProfileObjectDetail] ([ObjectTypeCode], [ObjectName], [ItemName], [ItemTypeCode], [Caption], [StatusBarText], [ControlTipText], [CharLength], [Visible], [FormatString]) values (1, 'System Fields', 'ProductionStoreValue', 6, 'Production Store Value', '', '', 0, 1, 'Currency')
insert into [tbProfileObjectDetail] ([ObjectTypeCode], [ObjectName], [ItemName], [ItemTypeCode], [Caption], [StatusBarText], [ControlTipText], [CharLength], [Visible], [FormatString]) values (1, 'System Fields', 'ProductionWipValue', 6, 'Production Wip Value', '', '', 0, 1, 'Currency')
insert into [tbProfileObjectDetail] ([ObjectTypeCode], [ObjectName], [ItemName], [ItemTypeCode], [Caption], [StatusBarText], [ControlTipText], [CharLength], [Visible], [FormatString]) values (1, 'System Fields', 'ProjectName', 1, 'Project Name', '', '', 50, 1, '')
insert into [tbProfileObjectDetail] ([ObjectTypeCode], [ObjectName], [ItemName], [ItemTypeCode], [Caption], [StatusBarText], [ControlTipText], [CharLength], [Visible], [FormatString]) values (1, 'System Fields', 'Quantity', 5, 'Qty', '', '', 0, 1, 'General Number')
insert into [tbProfileObjectDetail] ([ObjectTypeCode], [ObjectName], [ItemName], [ItemTypeCode], [Caption], [StatusBarText], [ControlTipText], [CharLength], [Visible], [FormatString]) values (1, 'System Fields', 'Reference', 1, 'Reference', '', '', 50, 1, '')
insert into [tbProfileObjectDetail] ([ObjectTypeCode], [ObjectName], [ItemName], [ItemTypeCode], [Caption], [StatusBarText], [ControlTipText], [CharLength], [Visible], [FormatString]) values (1, 'System Fields', 'RegisterName', 1, 'Register Name', '', '', 50, 1, '')
insert into [tbProfileObjectDetail] ([ObjectTypeCode], [ObjectName], [ItemName], [ItemTypeCode], [Caption], [StatusBarText], [ControlTipText], [CharLength], [Visible], [FormatString]) values (1, 'System Fields', 'ReleaseTypeCode', 2, 'Type/Cd', '', '', 0, 1, '0')
insert into [tbProfileObjectDetail] ([ObjectTypeCode], [ObjectName], [ItemName], [ItemTypeCode], [Caption], [StatusBarText], [ControlTipText], [CharLength], [Visible], [FormatString]) values (1, 'System Fields', 'ReportName', 1, 'Report Name', '', '', 50, 1, '')
insert into [tbProfileObjectDetail] ([ObjectTypeCode], [ObjectName], [ItemName], [ItemTypeCode], [Caption], [StatusBarText], [ControlTipText], [CharLength], [Visible], [FormatString]) values (1, 'System Fields', 'Saturday', 7, 'Saturday?', '', '', 0, 1, 'Yes/No')
insert into [tbProfileObjectDetail] ([ObjectTypeCode], [ObjectName], [ItemName], [ItemTypeCode], [Caption], [StatusBarText], [ControlTipText], [CharLength], [Visible], [FormatString]) values (1, 'System Fields', 'SectionCode', 1, 'Section Code', '', '', 20, 1, '')
insert into [tbProfileObjectDetail] ([ObjectTypeCode], [ObjectName], [ItemName], [ItemTypeCode], [Caption], [StatusBarText], [ControlTipText], [CharLength], [Visible], [FormatString]) values (1, 'System Fields', 'SectionContent', 1, 'Section Content', '', '', 255, 1, '')
insert into [tbProfileObjectDetail] ([ObjectTypeCode], [ObjectName], [ItemName], [ItemTypeCode], [Caption], [StatusBarText], [ControlTipText], [CharLength], [Visible], [FormatString]) values (1, 'System Fields', 'ShowCashGraphs', 7, 'Show Cash Graphs?', '', '', 0, 1, 'Yes/No')
insert into [tbProfileObjectDetail] ([ObjectTypeCode], [ObjectName], [ItemName], [ItemTypeCode], [Caption], [StatusBarText], [ControlTipText], [CharLength], [Visible], [FormatString]) values (1, 'System Fields', 'Signature', 9, 'Signature', '', '', 2147483647, 1, '')
insert into [tbProfileObjectDetail] ([ObjectTypeCode], [ObjectName], [ItemName], [ItemTypeCode], [Caption], [StatusBarText], [ControlTipText], [CharLength], [Visible], [FormatString]) values (1, 'System Fields', 'SortCode', 1, 'Sort Code', '', '', 10, 1, '')
insert into [tbProfileObjectDetail] ([ObjectTypeCode], [ObjectName], [ItemName], [ItemTypeCode], [Caption], [StatusBarText], [ControlTipText], [CharLength], [Visible], [FormatString]) values (1, 'System Fields', 'SpouseName', 1, 'Spouses Name', '', '', 50, 1, '')
insert into [tbProfileObjectDetail] ([ObjectTypeCode], [ObjectName], [ItemName], [ItemTypeCode], [Caption], [StatusBarText], [ControlTipText], [CharLength], [Visible], [FormatString]) values (1, 'System Fields', 'SQLDataVersion', 4, 'Data Version', '', '', 0, 1, 'General Number')
insert into [tbProfileObjectDetail] ([ObjectTypeCode], [ObjectName], [ItemName], [ItemTypeCode], [Caption], [StatusBarText], [ControlTipText], [CharLength], [Visible], [FormatString]) values (1, 'System Fields', 'SqlIndex', 1, 'Sql Index', '', '', 150, 1, '')
insert into [tbProfileObjectDetail] ([ObjectTypeCode], [ObjectName], [ItemName], [ItemTypeCode], [Caption], [StatusBarText], [ControlTipText], [CharLength], [Visible], [FormatString]) values (1, 'System Fields', 'SqlView', 1, 'Sql View', '', '', 50, 1, '')
insert into [tbProfileObjectDetail] ([ObjectTypeCode], [ObjectName], [ItemName], [ItemTypeCode], [Caption], [StatusBarText], [ControlTipText], [CharLength], [Visible], [FormatString]) values (1, 'System Fields', 'StartMonth', 2, 'Start Month', '', '', 0, 1, '0')
insert into [tbProfileObjectDetail] ([ObjectTypeCode], [ObjectName], [ItemName], [ItemTypeCode], [Caption], [StatusBarText], [ControlTipText], [CharLength], [Visible], [FormatString]) values (1, 'System Fields', 'StartOn', 8, 'Start On', '', '', 0, 1, 'Medium Date')
insert into [tbProfileObjectDetail] ([ObjectTypeCode], [ObjectName], [ItemName], [ItemTypeCode], [Caption], [StatusBarText], [ControlTipText], [CharLength], [Visible], [FormatString]) values (1, 'System Fields', 'StatementDays', 2, 'Statement', '', '', 0, 1, '0')
insert into [tbProfileObjectDetail] ([ObjectTypeCode], [ObjectName], [ItemName], [ItemTypeCode], [Caption], [StatusBarText], [ControlTipText], [CharLength], [Visible], [FormatString]) values (1, 'System Fields', 'StatementType', 1, 'Statement Type', '', '', 20, 1, '')
insert into [tbProfileObjectDetail] ([ObjectTypeCode], [ObjectName], [ItemName], [ItemTypeCode], [Caption], [StatusBarText], [ControlTipText], [CharLength], [Visible], [FormatString]) values (1, 'System Fields', 'StatusBarText', 9, 'Status BarText', '', '', 1073741823, 1, '')
insert into [tbProfileObjectDetail] ([ObjectTypeCode], [ObjectName], [ItemName], [ItemTypeCode], [Caption], [StatusBarText], [ControlTipText], [CharLength], [Visible], [FormatString]) values (1, 'System Fields', 'StepNumber', 2, 'Step No', '', '', 0, 1, '0')
insert into [tbProfileObjectDetail] ([ObjectTypeCode], [ObjectName], [ItemName], [ItemTypeCode], [Caption], [StatusBarText], [ControlTipText], [CharLength], [Visible], [FormatString]) values (1, 'System Fields', 'SubObject', 7, 'SubObject?', '', '', 0, 1, 'Yes/No')
insert into [tbProfileObjectDetail] ([ObjectTypeCode], [ObjectName], [ItemName], [ItemTypeCode], [Caption], [StatusBarText], [ControlTipText], [CharLength], [Visible], [FormatString]) values (1, 'System Fields', 'Sunday', 7, 'Sunday?', '', '', 0, 1, 'Yes/No')
insert into [tbProfileObjectDetail] ([ObjectTypeCode], [ObjectName], [ItemName], [ItemTypeCode], [Caption], [StatusBarText], [ControlTipText], [CharLength], [Visible], [FormatString]) values (1, 'System Fields', 'TableName', 1, 'Table Name', '', '', 128, 1, '')
insert into [tbProfileObjectDetail] ([ObjectTypeCode], [ObjectName], [ItemName], [ItemTypeCode], [Caption], [StatusBarText], [ControlTipText], [CharLength], [Visible], [FormatString]) values (1, 'System Fields', 'TaskCode', 1, 'Task Code', '', '', 20, 1, '')
insert into [tbProfileObjectDetail] ([ObjectTypeCode], [ObjectName], [ItemName], [ItemTypeCode], [Caption], [StatusBarText], [ControlTipText], [CharLength], [Visible], [FormatString]) values (1, 'System Fields', 'TaskNotes', 9, 'Task Notes', '', '', 1073741823, 1, '')
insert into [tbProfileObjectDetail] ([ObjectTypeCode], [ObjectName], [ItemName], [ItemTypeCode], [Caption], [StatusBarText], [ControlTipText], [CharLength], [Visible], [FormatString]) values (1, 'System Fields', 'TaskStatus', 1, 'Task Status', '', '', 100, 1, '')
insert into [tbProfileObjectDetail] ([ObjectTypeCode], [ObjectName], [ItemName], [ItemTypeCode], [Caption], [StatusBarText], [ControlTipText], [CharLength], [Visible], [FormatString]) values (1, 'System Fields', 'TaskStatusCode', 2, 'Status/Cd', '', '', 0, 1, '0')
insert into [tbProfileObjectDetail] ([ObjectTypeCode], [ObjectName], [ItemName], [ItemTypeCode], [Caption], [StatusBarText], [ControlTipText], [CharLength], [Visible], [FormatString]) values (1, 'System Fields', 'TaskTitle', 1, 'Title', '', '', 100, 1, '')
insert into [tbProfileObjectDetail] ([ObjectTypeCode], [ObjectName], [ItemName], [ItemTypeCode], [Caption], [StatusBarText], [ControlTipText], [CharLength], [Visible], [FormatString]) values (1, 'System Fields', 'Tax', 6, 'Tax', '', '', 0, 1, 'Currency')
insert into [tbProfileObjectDetail] ([ObjectTypeCode], [ObjectName], [ItemName], [ItemTypeCode], [Caption], [StatusBarText], [ControlTipText], [CharLength], [Visible], [FormatString]) values (1, 'System Fields', 'TaxCode', 1, 'Tax Code', '', '', 10, 1, '')
insert into [tbProfileObjectDetail] ([ObjectTypeCode], [ObjectName], [ItemName], [ItemTypeCode], [Caption], [StatusBarText], [ControlTipText], [CharLength], [Visible], [FormatString]) values (1, 'System Fields', 'TaxDescription', 1, 'Tax Description', '', '', 50, 1, '')
insert into [tbProfileObjectDetail] ([ObjectTypeCode], [ObjectName], [ItemName], [ItemTypeCode], [Caption], [StatusBarText], [ControlTipText], [CharLength], [Visible], [FormatString]) values (1, 'System Fields', 'TaxedBalance', 6, 'Taxed Balance', '', '', 0, 1, 'Currency')
insert into [tbProfileObjectDetail] ([ObjectTypeCode], [ObjectName], [ItemName], [ItemTypeCode], [Caption], [StatusBarText], [ControlTipText], [CharLength], [Visible], [FormatString]) values (1, 'System Fields', 'TaxInValue', 6, 'Tax In Value', '', '', 0, 1, 'Currency')
insert into [tbProfileObjectDetail] ([ObjectTypeCode], [ObjectName], [ItemName], [ItemTypeCode], [Caption], [StatusBarText], [ControlTipText], [CharLength], [Visible], [FormatString]) values (1, 'System Fields', 'TaxOutValue', 6, 'Tax Out Value', '', '', 0, 1, 'Currency')
insert into [tbProfileObjectDetail] ([ObjectTypeCode], [ObjectName], [ItemName], [ItemTypeCode], [Caption], [StatusBarText], [ControlTipText], [CharLength], [Visible], [FormatString]) values (1, 'System Fields', 'TaxRate', 5, 'Tax Rate', '', '', 0, 1, 'General Number')
insert into [tbProfileObjectDetail] ([ObjectTypeCode], [ObjectName], [ItemName], [ItemTypeCode], [Caption], [StatusBarText], [ControlTipText], [CharLength], [Visible], [FormatString]) values (1, 'System Fields', 'TaxType', 1, 'Tax Type', '', '', 20, 1, '')
insert into [tbProfileObjectDetail] ([ObjectTypeCode], [ObjectName], [ItemName], [ItemTypeCode], [Caption], [StatusBarText], [ControlTipText], [CharLength], [Visible], [FormatString]) values (1, 'System Fields', 'TaxTypeCode', 2, 'Type/Cd', '', '', 0, 1, '0')
insert into [tbProfileObjectDetail] ([ObjectTypeCode], [ObjectName], [ItemName], [ItemTypeCode], [Caption], [StatusBarText], [ControlTipText], [CharLength], [Visible], [FormatString]) values (1, 'System Fields', 'TaxValue', 6, 'Tax Value', '', '', 0, 1, 'Currency')
insert into [tbProfileObjectDetail] ([ObjectTypeCode], [ObjectName], [ItemName], [ItemTypeCode], [Caption], [StatusBarText], [ControlTipText], [CharLength], [Visible], [FormatString]) values (1, 'System Fields', 'TaxValueTotal', 6, 'Tax Value Total', '', '', 0, 1, 'Currency')
insert into [tbProfileObjectDetail] ([ObjectTypeCode], [ObjectName], [ItemName], [ItemTypeCode], [Caption], [StatusBarText], [ControlTipText], [CharLength], [Visible], [FormatString]) values (1, 'System Fields', 'TextId', 3, 'Text Id', '', '', 0, 1, '0')
insert into [tbProfileObjectDetail] ([ObjectTypeCode], [ObjectName], [ItemName], [ItemTypeCode], [Caption], [StatusBarText], [ControlTipText], [CharLength], [Visible], [FormatString]) values (1, 'System Fields', 'Thursday', 7, 'Thursday?', '', '', 0, 1, 'Yes/No')
insert into [tbProfileObjectDetail] ([ObjectTypeCode], [ObjectName], [ItemName], [ItemTypeCode], [Caption], [StatusBarText], [ControlTipText], [CharLength], [Visible], [FormatString]) values (1, 'System Fields', 'Timstamp', 8, 'Timstamp', '', '', 0, 1, 'Medium Date')
insert into [tbProfileObjectDetail] ([ObjectTypeCode], [ObjectName], [ItemName], [ItemTypeCode], [Caption], [StatusBarText], [ControlTipText], [CharLength], [Visible], [FormatString]) values (1, 'System Fields', 'ToCollect', 6, 'To Collect', '', '', 0, 1, 'Currency')
insert into [tbProfileObjectDetail] ([ObjectTypeCode], [ObjectName], [ItemName], [ItemTypeCode], [Caption], [StatusBarText], [ControlTipText], [CharLength], [Visible], [FormatString]) values (1, 'System Fields', 'ToPay', 6, 'To Pay', '', '', 0, 1, 'Currency')
insert into [tbProfileObjectDetail] ([ObjectTypeCode], [ObjectName], [ItemName], [ItemTypeCode], [Caption], [StatusBarText], [ControlTipText], [CharLength], [Visible], [FormatString]) values (1, 'System Fields', 'TotalCharge', 6, 'Total Charge', '', '', 0, 1, 'Currency')
insert into [tbProfileObjectDetail] ([ObjectTypeCode], [ObjectName], [ItemName], [ItemTypeCode], [Caption], [StatusBarText], [ControlTipText], [CharLength], [Visible], [FormatString]) values (1, 'System Fields', 'TotalInvoiceValue', 6, 'Total Invoice Value', '', '', 0, 1, 'Currency')
insert into [tbProfileObjectDetail] ([ObjectTypeCode], [ObjectName], [ItemName], [ItemTypeCode], [Caption], [StatusBarText], [ControlTipText], [CharLength], [Visible], [FormatString]) values (1, 'System Fields', 'TotalTaxValue', 6, 'Total Tax Value', '', '', 0, 1, 'Currency')
insert into [tbProfileObjectDetail] ([ObjectTypeCode], [ObjectName], [ItemName], [ItemTypeCode], [Caption], [StatusBarText], [ControlTipText], [CharLength], [Visible], [FormatString]) values (1, 'System Fields', 'TransactedOn', 8, 'Transacted On', '', '', 0, 1, 'Medium Date')
insert into [tbProfileObjectDetail] ([ObjectTypeCode], [ObjectName], [ItemName], [ItemTypeCode], [Caption], [StatusBarText], [ControlTipText], [CharLength], [Visible], [FormatString]) values (1, 'System Fields', 'Tuesday', 7, 'Tuesday?', '', '', 0, 1, 'Yes/No')
insert into [tbProfileObjectDetail] ([ObjectTypeCode], [ObjectName], [ItemName], [ItemTypeCode], [Caption], [StatusBarText], [ControlTipText], [CharLength], [Visible], [FormatString]) values (1, 'System Fields', 'Turnover', 6, 'Turnover', '', '', 0, 1, 'Currency')
insert into [tbProfileObjectDetail] ([ObjectTypeCode], [ObjectName], [ItemName], [ItemTypeCode], [Caption], [StatusBarText], [ControlTipText], [CharLength], [Visible], [FormatString]) values (1, 'System Fields', 'UnavailableOn', 8, 'Unavailable On', '', '', 0, 1, 'Medium Date')
insert into [tbProfileObjectDetail] ([ObjectTypeCode], [ObjectName], [ItemName], [ItemTypeCode], [Caption], [StatusBarText], [ControlTipText], [CharLength], [Visible], [FormatString]) values (1, 'System Fields', 'UnitCharge', 6, 'Unit Charge', '', '', 0, 1, 'Currency')
insert into [tbProfileObjectDetail] ([ObjectTypeCode], [ObjectName], [ItemName], [ItemTypeCode], [Caption], [StatusBarText], [ControlTipText], [CharLength], [Visible], [FormatString]) values (1, 'System Fields', 'UnitOfMeasure', 1, 'U.O.M.', '', '', 15, 1, '')
insert into [tbProfileObjectDetail] ([ObjectTypeCode], [ObjectName], [ItemName], [ItemTypeCode], [Caption], [StatusBarText], [ControlTipText], [CharLength], [Visible], [FormatString]) values (1, 'System Fields', 'UpdatedBy', 1, 'Updated By', '', '', 50, 1, '')
insert into [tbProfileObjectDetail] ([ObjectTypeCode], [ObjectName], [ItemName], [ItemTypeCode], [Caption], [StatusBarText], [ControlTipText], [CharLength], [Visible], [FormatString]) values (1, 'System Fields', 'UpdatedOn', 8, 'Updated On', '', '', 0, 1, 'Medium Date')
insert into [tbProfileObjectDetail] ([ObjectTypeCode], [ObjectName], [ItemName], [ItemTypeCode], [Caption], [StatusBarText], [ControlTipText], [CharLength], [Visible], [FormatString]) values (1, 'System Fields', 'UsedOnQuantity', 5, 'U.O.Q.', '', '', 0, 1, 'General Number')
insert into [tbProfileObjectDetail] ([ObjectTypeCode], [ObjectName], [ItemName], [ItemTypeCode], [Caption], [StatusBarText], [ControlTipText], [CharLength], [Visible], [FormatString]) values (1, 'System Fields', 'UserId', 2, 'User Id', '', '', 0, 1, '0')
insert into [tbProfileObjectDetail] ([ObjectTypeCode], [ObjectName], [ItemName], [ItemTypeCode], [Caption], [StatusBarText], [ControlTipText], [CharLength], [Visible], [FormatString]) values (1, 'System Fields', 'UserName', 1, 'User Name', '', '', 50, 1, '')
insert into [tbProfileObjectDetail] ([ObjectTypeCode], [ObjectName], [ItemName], [ItemTypeCode], [Caption], [StatusBarText], [ControlTipText], [CharLength], [Visible], [FormatString]) values (1, 'System Fields', 'ValidateClient', 7, 'Validate Client?', '', '', 0, 1, 'Yes/No')
insert into [tbProfileObjectDetail] ([ObjectTypeCode], [ObjectName], [ItemName], [ItemTypeCode], [Caption], [StatusBarText], [ControlTipText], [CharLength], [Visible], [FormatString]) values (1, 'System Fields', 'Vat', 1, 'Vat', '', '', 50, 1, '')
insert into [tbProfileObjectDetail] ([ObjectTypeCode], [ObjectName], [ItemName], [ItemTypeCode], [Caption], [StatusBarText], [ControlTipText], [CharLength], [Visible], [FormatString]) values (1, 'System Fields', 'VatNumber', 1, 'Vat No', '', '', 50, 1, '')
insert into [tbProfileObjectDetail] ([ObjectTypeCode], [ObjectName], [ItemName], [ItemTypeCode], [Caption], [StatusBarText], [ControlTipText], [CharLength], [Visible], [FormatString]) values (1, 'System Fields', 'Visible', 7, 'Visible?', '', '', 0, 1, 'Yes/No')
insert into [tbProfileObjectDetail] ([ObjectTypeCode], [ObjectName], [ItemName], [ItemTypeCode], [Caption], [StatusBarText], [ControlTipText], [CharLength], [Visible], [FormatString]) values (1, 'System Fields', 'WebSite', 1, 'Web Site', '', '', 255, 1, '')
insert into [tbProfileObjectDetail] ([ObjectTypeCode], [ObjectName], [ItemName], [ItemTypeCode], [Caption], [StatusBarText], [ControlTipText], [CharLength], [Visible], [FormatString]) values (1, 'System Fields', 'Wednesday', 7, 'Wednesday?', '', '', 0, 1, 'Yes/No')
insert into [tbProfileObjectDetail] ([ObjectTypeCode], [ObjectName], [ItemName], [ItemTypeCode], [Caption], [StatusBarText], [ControlTipText], [CharLength], [Visible], [FormatString]) values (1, 'System Fields', 'YearNumber', 2, 'Year No', '', '', 0, 1, '0')

-- tbSystemBucketInterval
insert into [tbSystemBucketInterval] ([BucketIntervalCode], [BucketInterval]) values (1, 'Day')
insert into [tbSystemBucketInterval] ([BucketIntervalCode], [BucketInterval]) values (2, 'Week')
insert into [tbSystemBucketInterval] ([BucketIntervalCode], [BucketInterval]) values (3, 'Month')

-- tbSystemBucketType
insert into [tbSystemBucketType] ([BucketTypeCode], [BucketType]) values (0, 'Default')
insert into [tbSystemBucketType] ([BucketTypeCode], [BucketType]) values (1, 'Sunday')
insert into [tbSystemBucketType] ([BucketTypeCode], [BucketType]) values (2, 'Monday')
insert into [tbSystemBucketType] ([BucketTypeCode], [BucketType]) values (3, 'Tuesday')
insert into [tbSystemBucketType] ([BucketTypeCode], [BucketType]) values (4, 'Wednesday')
insert into [tbSystemBucketType] ([BucketTypeCode], [BucketType]) values (5, 'Thursday')
insert into [tbSystemBucketType] ([BucketTypeCode], [BucketType]) values (6, 'Friday')
insert into [tbSystemBucketType] ([BucketTypeCode], [BucketType]) values (7, 'Saturday')
insert into [tbSystemBucketType] ([BucketTypeCode], [BucketType]) values (8, 'Month')

-- tbSystemBucket
insert into [tbSystemBucket] ([Period], [BucketId], [BucketDescription], [AllowForecasts]) values (0, 'Overdue', 'Overdue Orders', 0)
insert into [tbSystemBucket] ([Period], [BucketId], [BucketDescription], [AllowForecasts]) values (1, 'Current', 'Current Week', 0)
insert into [tbSystemBucket] ([Period], [BucketId], [BucketDescription], [AllowForecasts]) values (2, 'Next Week', 'Week Two', 0)
insert into [tbSystemBucket] ([Period], [BucketId], [BucketDescription], [AllowForecasts]) values (3, 'Third Week', 'Week Three', 0)
insert into [tbSystemBucket] ([Period], [BucketId], [BucketDescription], [AllowForecasts]) values (4, 'Fourth Wk', 'Week Four', 0)
insert into [tbSystemBucket] ([Period], [BucketId], [BucketDescription], [AllowForecasts]) values (8, 'Next Month', 'Next Month', 0)
insert into [tbSystemBucket] ([Period], [BucketId], [BucketDescription], [AllowForecasts]) values (16, '2 Months', '2 Months', 1)
insert into [tbSystemBucket] ([Period], [BucketId], [BucketDescription], [AllowForecasts]) values (52, 'Forward', 'Forward Orders', 1)

-- tbSystemCalendar
insert into [tbSystemCalendar] ([CalendarCode], [Monday], [Tuesday], [Wednesday], [Thursday], [Friday], [Saturday], [Sunday]) values ('OFFICE', 1, 1, 1, 1, 1, 0, 0)

-- tbSystemCodeExclusion
insert into [tbSystemCodeExclusion] ([ExcludedTag]) values ('Limited')
insert into [tbSystemCodeExclusion] ([ExcludedTag]) values ('Ltd')
insert into [tbSystemCodeExclusion] ([ExcludedTag]) values ('PLC')

-- tbSystemDocType
insert into [tbSystemDocType] ([DocTypeCode], [DocType]) values (1, 'Quotation')
insert into [tbSystemDocType] ([DocTypeCode], [DocType]) values (2, 'Sales Order')
insert into [tbSystemDocType] ([DocTypeCode], [DocType]) values (3, 'Enquiry')
insert into [tbSystemDocType] ([DocTypeCode], [DocType]) values (4, 'Purchase Order')
insert into [tbSystemDocType] ([DocTypeCode], [DocType]) values (5, 'Sales Invoice')
insert into [tbSystemDocType] ([DocTypeCode], [DocType]) values (6, 'Credit Note')
insert into [tbSystemDocType] ([DocTypeCode], [DocType]) values (7, 'Debit Note')

-- tbSystemDoc
insert into [tbSystemDoc] ([DocTypeCode], [ReportName], [OpenMode], [Description]) values (1, 'QuotationStandard', 3, 'Standard Quotation')
insert into [tbSystemDoc] ([DocTypeCode], [ReportName], [OpenMode], [Description]) values (1, 'QuotationTextual', 3, 'Textual Quotation')
insert into [tbSystemDoc] ([DocTypeCode], [ReportName], [OpenMode], [Description]) values (2, 'SalesOrder', 8, 'Standard Sales Order')
insert into [tbSystemDoc] ([DocTypeCode], [ReportName], [OpenMode], [Description]) values (3, 'PurchaseEnquiryDeliveryStandard', 3, 'Standard Transport Enquiry')
insert into [tbSystemDoc] ([DocTypeCode], [ReportName], [OpenMode], [Description]) values (3, 'PurchaseEnquiryDeliveryTextual', 3, 'Textual Transport Enquiry')
insert into [tbSystemDoc] ([DocTypeCode], [ReportName], [OpenMode], [Description]) values (3, 'PurchaseEnquiryStandard', 8, 'Standard Purchase Enquiry')
insert into [tbSystemDoc] ([DocTypeCode], [ReportName], [OpenMode], [Description]) values (3, 'PurchaseEnquiryTextual', 3, 'Textual Purchase Enquiry')
insert into [tbSystemDoc] ([DocTypeCode], [ReportName], [OpenMode], [Description]) values (4, 'PurchaseOrder', 8, 'Standard Purchase Order')
insert into [tbSystemDoc] ([DocTypeCode], [ReportName], [OpenMode], [Description]) values (4, 'PurchaseOrderDelivery', 8, 'Purchase Order for Delivery')
insert into [tbSystemDoc] ([DocTypeCode], [ReportName], [OpenMode], [Description]) values (5, 'SalesInvoice', 3, 'Standard Sales Invoice')
insert into [tbSystemDoc] ([DocTypeCode], [ReportName], [OpenMode], [Description]) values (5, 'SalesInvoiceByActivity', 3, 'Invoice summed by activity')
insert into [tbSystemDoc] ([DocTypeCode], [ReportName], [OpenMode], [Description]) values (5, 'SalesInvoiceByActivityLetterhead', 3, 'Activity based invoice for letterhead')
insert into [tbSystemDoc] ([DocTypeCode], [ReportName], [OpenMode], [Description]) values (5, 'SalesInvoiceLetterhead', 3, 'Sales Invoice for Letterhead Paper')
insert into [tbSystemDoc] ([DocTypeCode], [ReportName], [OpenMode], [Description]) values (5, 'SalesInvoiceSimple', 3, 'Simple Invoice (Items Only)')
insert into [tbSystemDoc] ([DocTypeCode], [ReportName], [OpenMode], [Description]) values (6, 'CreditNote', 3, 'Standard Credit Note')
insert into [tbSystemDoc] ([DocTypeCode], [ReportName], [OpenMode], [Description]) values (6, 'CreditNoteLetterhead', 3, 'Credit Note for Letterhead Paper')
insert into [tbSystemDoc] ([DocTypeCode], [ReportName], [OpenMode], [Description]) values (7, 'DebitNote', 3, 'Standard Debit Note')
insert into [tbSystemDoc] ([DocTypeCode], [ReportName], [OpenMode], [Description]) values (7, 'DebitNoteLetterhead', 3, 'Debit Note for Letterhead Paper')

-- tbSystemUom
insert into [tbSystemUom] ([UnitOfMeasure]) values ('Each')
insert into [tbSystemUom] ([UnitOfMeasure]) values ('Hrs')
insert into [tbSystemUom] ([UnitOfMeasure]) values ('Kilo')
insert into [tbSystemUom] ([UnitOfMeasure]) values ('Mile')
insert into [tbSystemUom] ([UnitOfMeasure]) values ('Mins')
insert into [tbSystemUom] ([UnitOfMeasure]) values ('Pallets')

-- tbTaskOpStatus
insert into [tbTaskOpStatus] ([OpStatusCode], [OpStatus]) values (1, 'Pending')
insert into [tbTaskOpStatus] ([OpStatusCode], [OpStatus]) values (2, 'In-progress')
insert into [tbTaskOpStatus] ([OpStatusCode], [OpStatus]) values (3, 'Complete')

-- tbTaskStatus
insert into [tbTaskStatus] ([TaskStatusCode], [TaskStatus]) values (1, 'Pending')
insert into [tbTaskStatus] ([TaskStatusCode], [TaskStatus]) values (2, 'Open')
insert into [tbTaskStatus] ([TaskStatusCode], [TaskStatus]) values (3, 'Closed')
insert into [tbTaskStatus] ([TaskStatusCode], [TaskStatus]) values (4, 'Charged')
insert into [tbTaskStatus] ([TaskStatusCode], [TaskStatus]) values (5, 'Cancelled')
insert into [tbTaskStatus] ([TaskStatusCode], [TaskStatus]) values (6, 'Archive')

-- tbActivityAttributeType
insert into [tbActivityAttributeType] ([AttributeTypeCode], [AttributeType]) values (1, 'Order')
insert into [tbActivityAttributeType] ([AttributeTypeCode], [AttributeType]) values (2, 'Quote')

-- tbOrgPaymentStatus
insert into [tbOrgPaymentStatus] ([PaymentStatusCode], [PaymentStatus]) values (1, 'Unposted')
insert into [tbOrgPaymentStatus] ([PaymentStatusCode], [PaymentStatus]) values (2, 'Payment')
insert into [tbOrgPaymentStatus] ([PaymentStatusCode], [PaymentStatus]) values (3, 'Cancelled')
